mads 2.1.0 build 8 (23 Dec 19)
Source: tmthpack.s
     1 						icl		'library.s'
Source: library.s
     1 				; Altirra AcidOS test suite
     2 				; Copyright (C) 2013 Avery Lee, All Rights Reserved.
     3 				;
     4 				; Permission is hereby granted, free of charge, to any person obtaining a copy
     5 				; of this software and associated documentation files (the "Software"), to deal
     6 				; in the Software without restriction, including without limitation the rights
     7 				; to use, copy, modify, merge, publish, distribute, sublicense, and/or sell
     8 				; copies of the Software, and to permit persons to whom the Software is
     9 				; furnished to do so, subject to the following conditions:
    10 				;
    11 				; The above copyright notice and this permission notice shall be included in
    12 				; all copies or substantial portions of the Software.
    13 				;
    14 				; THE SOFTWARE IS PROVIDED "AS IS", WITHOUT WARRANTY OF ANY KIND, EXPRESS OR
    15 				; IMPLIED, INCLUDING BUT NOT LIMITED TO THE WARRANTIES OF MERCHANTABILITY,
    16 				; FITNESS FOR A PARTICULAR PURPOSE AND NONINFRINGEMENT. IN NO EVENT SHALL THE
    17 				; AUTHORS OR COPYRIGHT HOLDERS BE LIABLE FOR ANY CLAIM, DAMAGES OR OTHER
    18 				; LIABILITY, WHETHER IN AN ACTION OF CONTRACT, TORT OR OTHERWISE, ARISING FROM,
    19 				; OUT OF OR IN CONNECTION WITH THE SOFTWARE OR THE USE OR OTHER DEALINGS IN THE
    20 				; SOFTWARE. 
    21
    22 				;==========================================================================
    23 				; MEMORY MAP
    24 				;
    25 				; 0480-04FF		Line buffer
    26 				; 0500-21FF		Reserved for DOS
    27 				; 2200-25FF		Test display
    28 				; 2600-2BFF		Library code
    29 				;
    30 				;==========================================================================
    31
    32 						icl		'hardware.inc'
Source: hardware.inc
     1 				; Altirra AcidOS test suite
     2 				; Copyright (C) 2013 Avery Lee, All Rights Reserved.
     3 				;
     4 				; Permission is hereby granted, free of charge, to any person obtaining a copy
     5 				; of this software and associated documentation files (the "Software"), to deal
     6 				; in the Software without restriction, including without limitation the rights
     7 				; to use, copy, modify, merge, publish, distribute, sublicense, and/or sell
     8 				; copies of the Software, and to permit persons to whom the Software is
     9 				; furnished to do so, subject to the following conditions:
    10 				;
    11 				; The above copyright notice and this permission notice shall be included in
    12 				; all copies or substantial portions of the Software.
    13 				;
    14 				; THE SOFTWARE IS PROVIDED "AS IS", WITHOUT WARRANTY OF ANY KIND, EXPRESS OR
    15 				; IMPLIED, INCLUDING BUT NOT LIMITED TO THE WARRANTIES OF MERCHANTABILITY,
    16 				; FITNESS FOR A PARTICULAR PURPOSE AND NONINFRINGEMENT. IN NO EVENT SHALL THE
    17 				; AUTHORS OR COPYRIGHT HOLDERS BE LIABLE FOR ANY CLAIM, DAMAGES OR OTHER
    18 				; LIABILITY, WHETHER IN AN ACTION OF CONTRACT, TORT OR OTHERWISE, ARISING FROM,
    19 				; OUT OF OR IN CONNECTION WITH THE SOFTWARE OR THE USE OR OTHER DEALINGS IN THE
    20 				; SOFTWARE. 
    21
    22 				.ifndef f_HARDWARE_INC
    23 				.def f_HARDWARE_INC
    24
    25 				;==========================================================================
    26 				; GTIA
    27 				;
    28 				hposp0	equ	$d000
    29 				hposp1	equ	$d001
    30 				hposp2	equ	$d002
    31 				hposp3	equ	$d003
    32 				hposm0	equ	$d004
    33 				hposm1	equ	$d005
    34 				hposm2	equ	$d006
    35 				hposm3	equ	$d007
    36 				sizep0	equ	$d008
    37 				sizep1	equ	$d009
    38 				sizep2	equ	$d00a
    39 				sizep3	equ	$d00b
    40 				sizem	equ	$d00c
    41 				trig0	equ	$d010
    42 				trig1	equ	$d011
    43 				trig2	equ	$d012
    44 				colpm0	equ	$d012
    45 				trig3	equ	$d013
    46 				colpm1	equ	$d013
    47 				pal		equ	$d014
    48 				colpm2	equ	$d014
    49 				colpm3	equ	$d015
    50 				colpf0	equ	$d016
    51 				colpf1	equ	$d017
    52 				colpf2	equ	$d018
    53 				colpf3	equ	$d019
    54 				colbk	equ	$d01a
    55 				prior	equ	$d01b
    56 				gractl	equ	$d01d
    57 				consol	equ	$d01f
    58
    59 				;==========================================================================
    60 				; POKEY
    61 				;
    62 				pot0	equ	$d200
    63 				audf1	equ	$d200
    64 				pot1	equ	$d201
    65 				audc1	equ	$d201
    66 				pot2	equ	$d202
    67 				audf2	equ	$d202
    68 				pot3	equ	$d203
    69 				audc2	equ	$d203
    70 				pot4	equ	$d204
    71 				audf3	equ	$d204
    72 				pot5	equ	$d205
    73 				audc3	equ	$d205
    74 				pot6	equ	$d206
    75 				audf4	equ	$d206
    76 				pot7	equ	$d207
    77 				audc4	equ	$d207
    78 				audctl	equ	$d208
    79 				kbcode	equ	$d209
    80 				stimer	equ	$d209
    81 				skres	equ	$d20a
    82 				potgo	equ	$d20b
    83 				serin	equ	$d20d
    84 				serout	equ	$d20d
    85 				irqen	equ	$d20e
    86 				irqst	equ	$d20e
    87 				skctl	equ	$d20f
    88 				skstat	equ	$d20f
    89
    90 				;==========================================================================
    91 				; PIA
    92 				;
    93 				porta	equ	$d300
    94 				portb	equ	$d301
    95 				pactl	equ	$d302
    96 				pbctl	equ	$d303
    97
    98 				;==========================================================================
    99 				; ANTIC
   100 				;
   101 				dmactl	equ	$d400
   102 				chactl	equ	$d401
   103 				dlistl	equ	$d402
   104 				dlisth	equ	$d403
   105 				hscrol	equ	$d404
   106 				vscrol	equ	$d405
   107 				pmbase	equ	$d407
   108 				chbase	equ	$d409
   109 				wsync	equ	$d40a
   110 				vcount	equ	$d40b
   111 				penh	equ	$d40c
   112 				penv	equ	$d40d
   113 				nmien	equ	$d40e
   114 				nmist	equ	$d40f
   115 				nmires	equ	$d40f
   116
   117 				;==========================================================================
   118 				; 6502
   119 				;
   120 				nmivec	equ	$fffa
   121 				resvec	equ	$fffc
   122 				irqvec	equ	$fffe
   123
   124 				.endif
    33 						icl		'kerneldb.inc'
Source: kerneldb.inc
     1 				; Altirra AcidOS test suite
     2 				; Copyright (C) 2013 Avery Lee, All Rights Reserved.
     3 				;
     4 				; Permission is hereby granted, free of charge, to any person obtaining a copy
     5 				; of this software and associated documentation files (the "Software"), to deal
     6 				; in the Software without restriction, including without limitation the rights
     7 				; to use, copy, modify, merge, publish, distribute, sublicense, and/or sell
     8 				; copies of the Software, and to permit persons to whom the Software is
     9 				; furnished to do so, subject to the following conditions:
    10 				;
    11 				; The above copyright notice and this permission notice shall be included in
    12 				; all copies or substantial portions of the Software.
    13 				;
    14 				; THE SOFTWARE IS PROVIDED "AS IS", WITHOUT WARRANTY OF ANY KIND, EXPRESS OR
    15 				; IMPLIED, INCLUDING BUT NOT LIMITED TO THE WARRANTIES OF MERCHANTABILITY,
    16 				; FITNESS FOR A PARTICULAR PURPOSE AND NONINFRINGEMENT. IN NO EVENT SHALL THE
    17 				; AUTHORS OR COPYRIGHT HOLDERS BE LIABLE FOR ANY CLAIM, DAMAGES OR OTHER
    18 				; LIABILITY, WHETHER IN AN ACTION OF CONTRACT, TORT OR OTHERWISE, ARISING FROM,
    19 				; OUT OF OR IN CONNECTION WITH THE SOFTWARE OR THE USE OR OTHER DEALINGS IN THE
    20 				; SOFTWARE. 
    21
    22 				.ifndef f_KERNELDB_INC
    23 				.def f_KERNELDB_INC
    24
    25 				casini	= $0002			;cassette initialization vector
    26 				ramlo	= $0004			;
    27 				tramsz	= $0006			;temporary ram size / cart A flag
    28 				tstdat	= $0007			;RAM test data register / cart B flag
    29 				warmst	= $0008			;warmstart flag
    30 				boot?	= $0009			;boot flag; 0 if none, 1 for disk, 2 for cassette
    31 				dosvec	= $000a
    32 				dosini	= $000c
    33 				appmhi	= $000e
    34 				pokmsk	= $0010
    35 				brkkey	= $0011			;set on [BREAK]
    36 				rtclok	= $0012
    37 				bufadr	= $0015			;indirect buffer address pointer (temp for disk buffer)
    38 						; $0016
    39 				iccomt	= $0017			;CIO: command byte
    40 				ziocb	= $0020			;zero-page IOCB
    41 				ichidz	= $0020			;Zero page IOCB: device index ($FF = not open)
    42 				icdnoz	= $0021			;Zero page IOCB: device number
    43 				iccomz	= $0022			;Zero page IOCB: command byte
    44 				icstaz	= $0023			;Zero page IOCB: status byte
    45 				icbalz	= $0024			;Zero page IOCB: address of device/filename spec lo
    46 				icbahz	= $0025			;Zero page IOCB: address of device/filename spec hi
    47 				icptlz	= $0026			;Zero page IOCB: put byte address lo (-1)
    48 				icpthz	= $0027			;Zero page IOCB: put byte address hi (-1)
    49 				icbllz	= $0028			;Zero page IOCB: buffer length/byte count lo (-1)
    50 				icblhz	= $0029			;Zero page IOCB: buffer length/byte count hi (-1)
    51 				icax1z	= $002a			;Zero page IOCB: device-specific information 1
    52 				icax2z	= $002b			;Zero page IOCB: device-specific information 2
    53 				icax3z	= $002c			;Zero page IOCB: device-specific information 3
    54 				icax4z	= $002d			;Zero page IOCB: device-specific information 4
    55 				icax5z	= $002e			;Zero page IOCB: device-specific information 5
    56 				icidno	= $002e			;CIO: call X register save/restore
    57 				icax6z	= $002f			;Zero page IOCB: device-specific information 6
    58 				ciochr	= $002f			;CIO: call A register save/restore
    59 				status  = $0030			;SIO: temporay status byte
    60 				chksum	= $0031			;SIO: temporary checksum byte (used by IRQ routines)
    61 				bufrlo	= $0032			;SIO: buffer pointer lo (incremented by IRQ routines)
    62 				bufrhi	= $0033			;SIO: buffer pointer hi (incremented by IRQ routines)
    63 				bfenlo	= $0034			;SIO: buffer end lo
    64 				bfenhi	= $0035			;SIO: buffer end hi
    65 				ltemp	= $0036			;Relocating loader: loader temp address (XL/XE)
    66 						; $0037
    67 				bufrfl	= $0038			;SIO: buffer full flag
    68 				recvdn	= $0039			;SIO: receive completed flag
    69 				xmtdon	= $003a			;SIO: transmit completed flag
    70 				chksnt	= $003b			;SIO: checksum sent flag
    71 				nocksm	= $003c			;SIO: no-checksum flag
    72 				bptr	= $003d			;Cassette: Buffer pointer
    73 				ftype	= $003e			;Cassette: Interrecord gap (IRG) type; bit7=1 means continuous mode
    74 				feof	= $003f			;Cassette: EOF flag
    75 				soundr	= $0041			;SIO: noisy audio flag
    76 				critic	= $0042			;critical flag for vbi
    77 				zchain	= $004a			;Peripheral Handler: zero-page chain address
    78 						; $004b
    79 				atract	= $004d			;screen attract counter
    80 				drkmsk	= $004e			;screen attract mask
    81 				colrsh	= $004f			;screen attract color shift
    82 				tmpchr	= $0050			;Screen Editor
    83 				hold1	= $0051			;Display/Editor: temporary storage
    84 				lmargn	= $0052			;left margin column
    85 				rmargn	= $0053			;right margin column
    86 				rowcrs	= $0054			;cursor row
    87 				colcrs	= $0055			;cursor column
    88 						; $0056
    89 				dindex	= $0057			;display mode index
    90 				savmsc	= $0058			;lowest address of screen region
    91 				oldrow	= $005a			;
    92 				oldcol	= $005b			;
    93 				oldchr	= $005d			;cursor character save/restore
    94 				oldadr	= $005e			;cursor memory address
    95 						; $005f
    96 				palnts	= $0062			;PAL/NTSC flag
    97 				logcol	= $0063			;Display/Editor: Logical column (0-119)
    98 				adress	= $0064			;temporary storage (display code)
    99 						; $0065
   100 				toadr	= $0066			;temporary storage (display code)
   101 						; $0067
   102 				frmadr	= $0068			;temporary storage (display code)
   103 						; $0069
   104 				ramtop	= $006a			;ram size
   105 				bufcnt	= $006b
   106 				bufstr	= $006c			;row/column of start of logical line
   107 				bitmsk	= $006e			;Screen Editor
   108 				shfamt	= $006f			;Screen Editor
   109 				rowac	= $0070			;Screen Editor: line drawing
   110 						; $0071			;
   111 				colac	= $0072			;Screen Editor: line drawing
   112 						; $0073			;
   113 				endpt	= $0074			;Screen Editor: line drawing
   114 						; $0075			;
   115 				deltar	= $0076			;Screen Editor: delta row (line drawing)
   116 				deltac	= $0077			;Screen Editor: delta column (line drawing)
   117 						; $0078			;
   118 				keydef	= $0079			;XL/XE: Keyboard definition table
   119 						; $007a
   120 				swpflg	= $007b			;current display var state ($00 = main, $FF = split screen)
   121 				holdch	= $007c			;temporary key hold area prior to shift/control lock logic
   122 				countr	= $007e			;Screen Editor: line length
   123 						; $007f
   124 				fr0		= $00d4			;FP: Accumulator 0
   125 				_fr3	= $00da			;FP: Accumulator 4
   126 				fr1		= $00e0			;FP: Accumulator 1
   127 				_fr2	= $00e6			;FP: Accumulator 2
   128 				_fpres2	= $00ef			;BASIC: Used in sqr() routine -- must not be touched by FP code
   129 				_fpres	= $00f0			;BASIC: Used in sin() routine -- must not be touched by FP code
   130 				cix		= $00f2			;FP: Character index
   131 				inbuff	= $00f3			;FP: ASCII conversion buffer
   132 						; $00f4
   133 				_fpcount= $00f5
   134 				_fptemp0= $00f6
   135 				_fptemp1= $00f7
   136 				flptr	= $00fc			;FP: pointer for floating-point loads and stores
   137 				_flptr2	= $00fe
   138
   139 				vdslst	= $0200			;display list interrupt vector
   140 				vprced	= $0202			;serial bus proceed interrupt vector
   141 				vinter	= $0204			;serial bus interrupt vector
   142 				vbreak	= $0206			;BRK instruction vector
   143 				vkeybd	= $0208			;keyboard interrupt vector
   144 				vserin	= $020a			;serial input ready interrupt vector
   145 				vseror	= $020c			;serial output ready interrupt vector
   146 				vseroc	= $020e			;serial output completed interrupt vector
   147 				vtimr1	= $0210			;pokey timer 1 interrupt vector
   148 				vtimr2	= $0212			;pokey timer 2 interrupt vector
   149 				vtimr4	= $0214			;pokey timer 4 interrupt vector
   150 				vimirq	= $0216			;immediate IRQ vector
   151 				cdtmv1	= $0218			;countdown timer 1
   152 				cdtmv2	= $021a			;countdown timer 2
   153 				cdtmv3	= $021c			;countdown timer 3
   154 				cdtmv4	= $021e			;countdown timer 4
   155 				cdtmv5	= $0220			;countdown timer 5
   156 				vvblki	= $0222			;vertical blank immediate vector
   157 				vvblkd	= $0224			;vertical blank deferred vector
   158 				cdtma1	= $0226			;timer 1 vector
   159 				cdtma2	= $0228			;timer 2 vector
   160 				cdtmf3	= $022a			;timer 3 flag
   161 				srtimr	= $022b			;autorepeat timer
   162 				cdtmf4	= $022c			;timer 4 flag
   163 				intemp	= $022d			;temp value used by SETVBV
   164 				cdtmf5	= $022e			;timer 5 flag
   165 				sdmctl	= $022f			;shadow for DMACTL ($D400)
   166 				sdlstl	= $0230			;shadow for DLISTL ($D402)
   167 				sdlsth	= $0231			;shadow for DLISTH ($D403)
   168 				sskctl	= $0232			;shadow for SKCTL ($D20F)
   169 				lcount	= $0233			;Relocating loader: (XL/XE)
   170 				lpenh	= $0234			;light pen horizontal pos
   171 				lpenv	= $0235			;light pen vertical pos
   172 				brkky	= $0236			;break key interrupt vector (OS B+ only)
   173 				reladr	= $0238			;Relocating loader: temp address (XL/XE)
   174 						; $0239
   175 				cdevic	= $023a			;SIO: command frame device ID
   176 				ccomnd	= $023b			;SIO: command frame command ID
   177 				caux1	= $023c			;SIO: command aux byte 1
   178 				caux2	= $023d			;SIO: command aux byte 2
   179 				temp	= $023e			;SIO: temp space
   180 				errflg	= $023f			;SIO: error flag
   181 				dflags	= $0240			;disk boot flags
   182 				dbsect	= $0241			;disk boot sector count
   183 				bootad	= $0242			;disk boot address
   184 				coldst	= $0244			;cold start flag
   185 				reclen	= $0245			;Relocating loader: record length (XL/XE)
   186 				dsktim	= $0246			;Disk Handler: Disk operation timeout
   187 				pdvmsk	= $0247			;PBI device mask (XL/XE)
   188 				shpdvs	= $0248			;PBI device selection register shadow ($D1FF) (XL/XE)
   189 				fine	= $026e			;fine scrolling flag (XL/XE)
   190 				gprior	= $026f			;shadow for PRIOR ($D01B)
   191 				paddl0	= $0270			;shadow for POT0 ($D200)
   192 				paddl1	= $0271			;shadow for POT1 ($D201)
   193 				paddl2	= $0272			;shadow for POT2 ($D202)
   194 				paddl3	= $0273			;shadow for POT3 ($D203)
   195 				paddl4	= $0274			;shadow for POT4 ($D204)
   196 				paddl5	= $0275			;shadow for POT5 ($D205)
   197 				paddl6	= $0276			;shadow for POT6 ($D206)
   198 				paddl7	= $0277			;shadow for POT7 ($D207)
   199 				stick0	= $0278			;shadow for PORTA lo ($D300)
   200 				stick1	= $0279			;shadow for PORTA hi ($D300)
   201 				stick2	= $027A			;shadow for PORTB lo ($D302)
   202 				stick3	= $027B			;shadow for PORTB hih ($D302)
   203 				ptrig0	= $027c			;paddle trigger 0
   204 				ptrig1	= $027d			;paddle trigger 1
   205 				ptrig2	= $027e			;paddle trigger 2
   206 				ptrig3	= $027f			;paddle trigger 3
   207 				ptrig4	= $0280			;paddle trigger 4
   208 				ptrig5	= $0281			;paddle trigger 5
   209 				ptrig6	= $0282			;paddle trigger 6
   210 				ptrig7	= $0283			;paddle trigger 7
   211 				strig0	= $0284			;shadow for TRIG0 ($D001)
   212 				strig1	= $0285			;shadow for TRIG1 ($D002)
   213 				strig2	= $0286			;shadow for TRIG2 ($D003)
   214 				strig3	= $0287			;shadow for TRIG3 ($D004)
   215 				hibyte	= $0288			;Relocating loader (XL/XE)
   216 				wmode	= $0289			;Cassette: Write mode (00 = read, 80 = write)
   217 				blim	= $028a			;Cassette: Buffer limit
   218 				jveck	= $028c			;XL/XE: IRQ jump vector
   219 				newadr	= $028e			;Relocating loader (XL/XE)
   220 				txtrow	= $0290
   221 				txtcol	= $0291
   222 						; $0292
   223 				tindex	= $0293			;text mode index
   224 				txtmsc	= $0294			;text window pointer
   225 						; $0295
   226 				cretry	= $029c			;SIO: command retries (XL/XE)
   227 				hold3	= $029d			;Screen Editor
   228 				hold2	= $029f			;Screen Editor
   229 				dmask	= $02a0			;Display/Editor: Graphics merge mask
   230 				tmplbt	= $02a1			
   231 				escflg	= $02a2			;Display/Editor: Escape next character
   232 				tabmap	= $02a3			;Display/Editor: Bitfield indicating tabs (note reversed bit positions)
   233 				logmap	= $02b2			;Display/Editor: Logical line start map (4 bytes)
   234 				tmprow	= $02b8			;Screen Editor
   235 				tmpcol	= $02b9			;Screen Editor
   236 						; $02ba
   237 				scrflg	= $02bb			;Display/Editor: Scroll counter
   238 				hold4	= $02bc			;Screen Editor
   239 				dretry	= $02bd			;SIO: device retries (XL/XE)
   240 				shflok	= $02be			;shift/control lock flags
   241 				botscr	= $02bf			;number of text rows in text window
   242 				pcolr0	= $02c0			;shadow for COLPM0 ($D012)
   243 				pcolr1	= $02c1			;shadow for COLPM1 ($D013)
   244 				pcolr2	= $02c2			;shadow for COLPM2 ($D014)
   245 				pcolr3	= $02c3			;shadow for COLPM3 ($D015)
   246 				color0	= $02c4			;shadow for COLPF0 ($D016)
   247 				color1	= $02c5			;shadow for COLPF1 ($D017)
   248 				color2	= $02c6			;shadow for COLPF2 ($D018)
   249 				color3	= $02c7			;shadow for COLPF3 ($D019)
   250 				color4	= $02c8			;shadow for COLBK ($D01A)
   251 				runadr	= $02c9			;Relocating loader: run address (XL/XE)
   252 						; $02ca
   253 				hiused	= $02cb			;Relocating loader: Next available memory location (out) (XL/XE)
   254 						; $02cc
   255 				zhiuse	= $02cd			;Relocating loader: Next available zero-page address (out) (XL/XE)
   256 						; $02ce
   257 				gbytea	= $02cf			;Relocating loader: GET BYTE address (XL/XE)
   258 						; $02d0
   259 				loadad	= $02d1			;Relocating loader: Load address (XL/XE)
   260 						; $02d2
   261 				zloada	= $02d3			;Relocating loader: Zero-page load address (XL/XE)
   262 						; $02d4
   263 				dsctln	= $02d5			;Disk sector size (XL/XE)
   264 				pbpnt	= $02de			;Printer: Buffer index (XL/XE location)
   265 				pbufsz	= $02df			;Printer: Record size (XL/XE location)
   266 				runad	= $02e0
   267 				initad	= $02e2
   268 				ramsiz	= $02e4			;ram size in pages
   269 				memtop	= $02e5			;highest location for programs and data
   270 				memlo	= $02e7			;base of application memory
   271 				hndlod	= $02e9			;CIO: Handler load flag (XL/XE)
   272 				dvstat	= $02ea			;DISK: Status request buffer area (4 bytes)
   273 						; $02eb
   274 						; $02ec
   275 						; $02ed
   276 				crsinh	= $02f0			;Display/Editor: cursor inhibit flag
   277 				keydel	= $02f1			;keyboard debounce delay (set to 3 vblanks per key)
   278 				ch1		= $02f2			;last keyboard code read
   279 				chact	= $02f3			;shadow for CHACTL ($D401)
   280 				chbas	= $02f4			;shadow for CHBASE ($D409)
   281 				rowinc	= $02f8			;Screen Editor: row direction (XL/XE location)
   282 				colinc	= $02f9			;Screen Editor: col direction (XL/XE location)
   283 				atachr	= $02fb			;Screen Editor
   284 				ch		= $02fc			;keyboard FIFO byte
   285 				fildat	= $02fd			;Screen Editor: fill color
   286 				dspflg	= $02fe			;enable/disable of control codes by screen editor (E:)
   287 				ssflag	= $02ff			;display/screen editor suspend flag
   288 				ddevic	= $0300			;serial bus ID
   289 				dunit	= $0301			;device number
   290 				dcomnd	= $0302			;command byte
   291 				dstats	= $0303			;status byte
   292 				dbuflo	= $0304			;buffer address lo
   293 				dbufhi	= $0305			;buffer address hi
   294 				dtimlo	= $0306			;disk timeout value
   295 				dbytlo	= $0308			;byte count lo
   296 				dbythi	= $0309			;byte count hi
   297 				daux1	= $030a			;sector number lo
   298 				daux2	= $030b			;sector number hi
   299 				timer1	= $030c			;SIO: baud rate determination - first timer value
   300 				addcor	= $030e			;SIO: baud rate determination - correction value
   301 				casflg	= $030f			;SIO: cassette I/O flag (0=normal, nonzero=cassette)
   302 				timer2	= $0310			;SIO: baud rate determination - second timer value
   303 				temp1	= $0312			;SIO: baud rate determination - temp
   304 						; $0313
   305 				ptimot	= $0314			;Printer: Timeout (XL/XE location)
   306 				temp3	= $0315			;SIO: baud rate determination - temp
   307 				timflg	= $0317			;SIO: operation timeout flag (set by countdown timer 1 IRQ)
   308 				stackp	= $0318			;SIO: stack pointer save
   309 				hatabs	= $031a			;handler table
   310 				pupbt1	= $033d			;(XL/XE) Power-up boot flag #1 - $5C
   311 				pupbt2	= $033e			;(XL/XE) Power-up boot flag #2 - $93
   312 				pupbt3	= $033f			;(XL/XE) Power-up boot flag #3 - $25
   313 				ichid	= $0340			;IOCB #0 handler ID
   314 				icdno	= $0341			;IOCB #0 device number
   315 				iccmd	= $0342			;IOCB #0 command byte
   316 				icsta	= $0343			;IOCB #0 status
   317 				icbal	= $0344			;IOCB #0 buffer address lo
   318 				icbah	= $0345			;IOCB #0 buffer address hi
   319 				icptl	= $0346			;IOCB #0 PUT address lo
   320 				icpth	= $0347			;IOCB #0 PUT address hi
   321 				icbll	= $0348			;IOCB #0 buffer length/byte count lo
   322 				icblh	= $0349			;IOCB #0 buffer length/byte count hi
   323 				icax1	= $034a			;IOCB #0 auxiliary information lo
   324 				icax2	= $034b			;IOCB #0 auxiliary information hi
   325 				icax3	= $034c			;
   326 				icax4	= $034d			;
   327 				icax5	= $034e			;
   328 				icax6	= $034f			;
   329 				prnbuf	= $03c0			;printer buffer
   330 				ckey	= $03e9			;cassette boot key
   331 				basicf	= $03f8			;XL/XE: ROM BASIC flag. 0 = enabled
   332 				gintlk	= $03fa			;XL/XE: Cartridge interlock (clone of TRIG3). 
   333 				chlink	= $03fb			;XL/XE: Relocated loader chain
   334 				casbuf	= $03fd			;Cassette buffer (03FD-047F)
   335 				lbuff	= $0580			;
   336 				plyarg	= $05e0			;FP: Polynomial evaluation temp register
   337
   338 				afp		equ		$d800
   339 				fasc	equ		$d8e6
   340 				ipf		equ		$d9aa
   341 				fpi		equ		$d9d2
   342 				zfr0	equ		$da44
   343 				zf1		equ		$da46
   344 				fsub	equ		$da60
   345 				fadd	equ		$da66
   346 				fmul	equ		$dadb
   347 				fdiv	equ		$db28
   348 				plyevl	equ		$dd40
   349 				fld0r	equ		$dd89
   350 				fld0p	equ		$dd8d
   351 				fld1r	equ		$dd98
   352 				fld1p	equ		$dd9c
   353 				fst0r	equ		$dda7
   354 				fst0p	equ		$ddab
   355 				fmove	equ		$ddb6
   356 				exp		equ		$ddc0
   357 				exp10	equ		$ddcc
   358 				log		equ		$decd
   359 				log10	equ		$ded1
   360
   361 				dskinv	= $e453
   362 				ciov	= $e456
   363 				setvbv	= $e45c
   364 				sysvbv	= $e45f
   365 				xitvbv	= $e462
   366
   367 				.endif
    34
    35 						opt		o-
    36
    37 						org		$b0
    38 				d0		dta		0
    39 				d1		dta		0
    40 				d2		dta		0
    41 				d3		dta		0
    42 				d4		dta		0
    43 				d5		dta		0
    44 				d6		dta		0
    45 				d7		dta		0
    46 				a0		dta		a(0)
    47 				a1		dta		a(0)
    48 				a2		dta		a(0)
    49 				a3		dta		a(0)
    50
    51 						org		$c0
    52 						
    53 				_log_curx	dta		0
    54 				_log_curln	dta		a(0)
    55 				_log_srcptr	dta		a(0)
    56 				_log_lncnt	dta		0
    57
    58 = 0080			LOGF_PAGING = $80
    59 				_log_flags	dta		0
    60
    61 				_test_sp		dta		0
    62 				_test_exit		dta		0
    63
    64 						.if *>$d4
    65 						.error	'Library zero-page intrudes upon FP region: ',*
    66 						.endif
    67
    68 				;=======================================================================
    69
    70 				.macro _TEST_ENTRY
    71 				.ifdef STANDALONE
    72 						icl		'init.s'
    73 						run		__init
    74 				.else
    75 						run		main
    76 				.endif		
    77 				.endm
    78
    79 				;=======================================================================
    80
    81 						org		$2200
    82 						
    83 				.ifdef GENLIBRARY
    84 						opt		o+
    85 				.else
    86 						opt		o-
    87 				.endif
    88 						
    89 				_log_dlist:
    90 						:3 dta	$70
    91 						dta		$42,a(_log_display_start)
    92 						dta		$00
    93 						:23 dta	$02
    94 						dta		$41,a(_log_dlist)
    95 						
    96 						org		$2240
    97 				_log_display_start:
    98 						dta		"  AcidOS output - Ctrl+A to toggle      "*
    99 				_log_display:
   100 						;$2258-25FF
   101 = 2600			_log_displayend equ $2600
   102
   103 						org		$2600
   104
   105 				;=======================================================================
   106 				_cpu_mode		dta		0
   107 				_opt_wait		dta		0
   108 				_opt_waitfail	dta		0
   109 				_test_exitfn	dta		a(0)
   110 				_test_passed	dta		0
   111 				_test_failed	dta		0
   112 				_test_skipped	dta		0
   113 				_test_testidx	dta		0
   114 				_menu_2ndtime	dta		0
   115 				_log_visible	dta		$ff
   116 				_log_dlsave		dta		a(0)
   117
   118 				;=======================================================================
   119 				_hexdig	dta		'0123456789ABCDEF'
   120
   121 				;=======================================================================
   122 				.nowarn .proc _log_keyboardirq
   123 						lda		#>next
   124 						pha
   125 						lda		#<next
   126 						pha
   127 						php
   128 						pha
   129 						jmp		$ffff
   130 = 2626			chainaddr = *-2
   131
   132 				next:
   133 						lda		ch
   134 						cmp		#$bf		;CTRL+A
   135 						bne		not_ctrla
   136 						
   137 						;eat the key
   138 						lda		#$ff
   139 						sta		ch
   140 						
   141 						;toggle display flag
   142 						eor		_log_visible
   143 						sta		_log_visible
   144 						bmi		is_visible
   145 						mwa		_log_dlsave sdlstl
   146 				is_visible:
   147 				not_ctrla:
   148 						pla
   149 						rti
   150 				.endp
   151
   152 				;=======================================================================
   153 				.nowarn .proc _log_deferred_vbi
   154 						bit		_log_visible
   155 						bpl		dl_ok
   156 						
   157 						lda		sdlstl
   158 						ldx		sdlsth
   159 						cmp		#<_log_dlist
   160 						bne		dl_replaced
   161 						cpx		#>_log_dlist
   162 						beq		dl_ok
   163 				dl_replaced:
   164 						sta		_log_dlsave
   165 						stx		_log_dlsave+1
   166 						php
   167 						sei
   168 						lda		#<_log_dlist
   169 						sta		sdlstl
   170 						lda		#>_log_dlist
   171 						sta		sdlsth
   172 						plp
   173 				dl_ok:
   174 						jmp		xitvbv
   175 				.endp
   176
   177 				;=======================================================================
   178 				;	A = column
   179 				;	X = row
   180 				.nowarn .proc _log_gotoxy
   181 						;save new X
   182 						pha
   183 						
   184 						;erase existing cursor
   185 						ldy		_log_curx
   186 						lda		(_log_curln),y
   187 						eor		#$80
   188 						sta		(_log_curln),y
   189 						
   190 						;recompute line addr
   191 						mva		#>[_log_display/2] _log_curln+1
   192 						lda		pos_table,x
   193 						asl
   194 						rol		_log_curln+1
   195 						asl
   196 						rol		_log_curln+1
   197 						sta		_log_curln
   198 						
   199 						;update X and redraw cursor
   200 						pla
   201 						tay
   202 						sty		_log_curx
   203 						lda		(_log_curln),y
   204 						eor		#$80
   205 						sta		(_log_curln),y
   206 						rts
   207 						
   208 				pos_table:
   209 						:22 dta [#*40+(<_log_display)]/4
   210 				.endp
   211
   212 				;=======================================================================
   213 				.nowarn .proc _log_cls
   214 						ldy		#0
   215 						sty		_log_lncnt
   216 						tya
   217 				clearloop:
   218 						sta		_log_display,y
   219 						sta		_log_displayend-$300,y
   220 						sta		_log_displayend-$200,y
   221 						sta		_log_displayend-$100,y
   222 						iny
   223 						bne		clearloop
   224 						mwa		#_log_display _log_curln
   225 						bne		_log_clearline.xit
   226 				.endp
   227
   228 				;=======================================================================
   229 				.nowarn .proc _log_clearline
   230 						ldy		#39
   231 						lda		#0
   232 						sta:rpl	(_log_curln),y-
   233 				xit:
   234 						ldy		#2
   235 						sty		_log_curx
   236 						lda		#$80
   237 						sta		(_log_curln),y
   238 						rts
   239 				.endp
   240
   241 				;=======================================================================
   242 				; Modified:
   243 				;	A, Y
   244 				;
   245 				; Preserved:
   246 				;	X
   247 				;
   248 				; Control codes handled:
   249 				;	$7D		clear
   250 				;	$9B		end of line
   251 				;	$9C		clear line
   252 				;
   253 				.nowarn .proc _log_putchar
   254 						;check for EOL
   255 						cmp		#$9b
   256 						bne		not_eol
   257 						ldy		_log_curx
   258 						lda		#0
   259 						sta		(_log_curln),y
   260 						beq		wrap
   261 				not_eol:
   262 						;check for clear
   263 						cmp		#$7d
   264 						beq		_log_cls
   265 						
   266 						;check for clear line
   267 						cmp		#$9c
   268 						beq		_log_clearline
   269 						
   270 						;convert ATASCII to INTERNAL
   271 						pha
   272 						rol
   273 						rol
   274 						rol
   275 						rol
   276 						and		#$03
   277 						tay
   278 						pla
   279 						eor		conv_tab,y
   280
   281 						ldy		_log_curx
   282 						sta		(_log_curln),y
   283 						iny
   284 						cpy		#40
   285 						bcs		wrap
   286 						sty		_log_curx
   287 				done:
   288 						lda		#$80
   289 						sta		(_log_curln),y
   290 						rts
   291 				wrap:
   292 						ldy		#2
   293 						sty		_log_curx
   294 						lda		_log_curln
   295 						adc		#39
   296 						sta		_log_curln
   297 						scc:inc	_log_curln+1
   298 						
   299 						lda		_log_curln+1
   300 						cmp		#>_log_displayend
   301 						bne		no_scroll
   302 				scroll:
   303 						ldy		#<(_log_display+40)
   304 						mva:rne	_log_display&$ff00,y +(_log_display&$ff00)-40,y+
   305 						mva:rne	$100+(_log_display&$ff00),y $100+(_log_display&$ff00)-40,y+
   306 						mva:rne	$200+(_log_display&$ff00),y $200+(_log_display&$ff00)-40,y+
   307 						mva:rne	$300+(_log_display&$ff00),y $300+(_log_display&$ff00)-40,y+
   308
   309 						mva		#$d8 _log_curln
   310 						dec		_log_curln+1
   311
   312 						jsr		_log_clearline
   313 				no_scroll:
   314 						;check if paging is enabled
   315 						bit		_log_flags
   316 						bpl		done
   317 						
   318 						;check if we've done a page
   319 						inc		_log_lncnt
   320 						lda		_log_lncnt
   321 						cmp		#21
   322 						bcc		done
   323 						mva		#0 _log_lncnt
   324 						
   325 						ldy		#9
   326 				more_loop:
   327 						lda		more_msg-2,y
   328 						sta		(_log_curln),y
   329 						dey
   330 						cpy		#1
   331 						bne		more_loop
   332 						
   333 						jsr		_waitKey
   334 						jsr		_log_clearline
   335 						jmp		done
   336 						
   337 				more_msg:
   338 						dta		"--More--"
   339
   340 				conv_tab:
   341 						dta		$40
   342 						dta		$20
   343 						dta		$60
   344 						dta		$00
   345 				.endp
   346
   347 				;=======================================================================
   348 				.nowarn .proc _log_imprint
   349 						pla
   350 						sta		_log_srcptr
   351 						pla
   352 						sta		_log_srcptr+1
   353 				print_entry:
   354 						jsr		_log_printm1
   355 						lda		_log_srcptr+1
   356 						pha
   357 						lda		_log_srcptr
   358 						pha
   359 						rts
   360 				.endp
   361
   362 				;=======================================================================
   363 = 27A2			_log_print = _log_printm1.alt_entry
   364
   365 				.nowarn .proc _log_printm1
   366 						ldx		#0
   367 				prloop:
   368 						inw		_log_srcptr
   369 				prloop1:
   370 						lda		(_log_srcptr,x)
   371 						beq		done
   372 						jsr		_log_putchar
   373 						jmp		prloop
   374 				alt_entry:
   375 						ldx		#0
   376 						beq		prloop1
   377 				done:
   378 						rts
   379 				.endp
   380
   381 				;=======================================================================
   382 				.nowarn .proc _log_imprintf
   383 						pla
   384 						tax
   385 						pla
   386 						tay
   387 						inx
   388 						sne:iny
   389 						txa
   390 						jsr		_log_printf
   391 						lda		a0+1
   392 						pha
   393 						lda		a0
   394 						pha
   395 						rts	
   396 				.endp
   397
   398 				;=======================================================================
   399 				.nowarn .proc _log_printf
   400 						sta		a0
   401 						sty		a0+1
   402 						ldy		#0
   403 						sty		d0
   404 						
   405 				charloop:
   406 						lda		(a0),y
   407 						beq		done
   408 						inw		a0
   409 						cmp		#'%'
   410 						beq		special
   411 				escaped:
   412 						jsr		_log_putchar
   413 				nextchar:
   414 						ldy		#0
   415 						beq		charloop
   416
   417 				done:
   418 						rts
   419
   420 				special:
   421 						inc		d0
   422 						ldx		d0
   423 						lda		(a0),y
   424 						inw		a0
   425 						cmp		 #'d'
   426 						bne		notdec
   427 						tya
   428 						sty		a1
   429 						ldy		#6
   430 						sei
   431 						sed
   432 				decloop1:
   433 						rol		d0,x
   434 						adc		a1
   435 						sta		a1
   436 						dey
   437 						bne		decloop1
   438 						sty		a1+1
   439 						ldy		#2
   440 				decloop2:
   441 						rol		d0,x
   442 						adc		a1
   443 						sta		a1
   444 						rol		a1+1
   445 						dey
   446 						bne		decloop2
   447 						cld
   448 						cli
   449 						lda		a1+1
   450 						beq		decdigit2
   451 						tax
   452 						lda		_hexdig,x
   453 						jsr		putbyte
   454 						lda		a1
   455 						jmp		puthex_nextchar
   456 						
   457 				decdigit2:
   458 						lda		a1
   459 						cmp		#$10
   460 						bcc		decdigit1
   461 						jmp		puthex_nextchar
   462 						
   463 				decdigit1:
   464 						tax
   465 						lda		_hexdig,x
   466 						jmp		escaped
   467
   468 				notdec:
   469 						cmp		#'x'
   470 						bne		nothex
   471 						lda		d0,x
   472 						jmp		puthex_nextchar
   473
   474 				nothex:
   475 						cmp		#'X'
   476 						bne		nothexword
   477 						inc		d0
   478 						lda		d1,x
   479 						jsr		puthex
   480 						ldx		d0
   481 						lda		d0-1,x
   482 						jmp		puthex_nextchar
   483
   484 				nothexword:
   485 						cmp		 #'D'
   486 						bne		notdecword
   487
   488 						ldy		#8
   489 						lda		#0
   490 						sta		a1
   491 						sta		a1+1
   492 						sta		a2
   493 						sei
   494 						sed
   495 				decword1:
   496 						rol		d1,x
   497 						lda		a1
   498 						adc		a1
   499 						sta		a1
   500 						lda		a1+1
   501 						adc		a1+1
   502 						sta		a1+1
   503 						dey
   504 						bne		decword1
   505 					
   506 						ldy		#8
   507 				decword2:
   508 						rol		d0,x
   509 						lda		a1
   510 						adc		a1
   511 						sta		a1
   512 						lda		a1+1
   513 						adc		a1+1
   514 						sta		a1+1
   515 						lda		a2
   516 						adc		a2
   517 						sta		a2
   518 						dey
   519 						bne		decword2
   520 						cld
   521 						cli
   522 					
   523 						tax
   524 						beq		decword3
   525 						jsr		puthexcond
   526 						
   527 						lda		a1+1
   528 						jsr		puthex
   529 						lda		a1
   530 						jmp		puthex_nextchar
   531
   532 				decword3:
   533 						lda		a1+1
   534 						beq		decword4
   535 						jsr		puthexcond
   536 						lda		a1
   537 				puthex_nextchar:
   538 						jsr		puthex
   539 						jmp		nextchar
   540 					
   541 				decword4:
   542 						lda		a1
   543 						jsr		puthexcond
   544 						jmp		nextchar
   545
   546 				notdecword:
   547 						cmp		 #'c'
   548 						bne		notchar
   549 						lda		d0,x
   550 						jsr		putbyte
   551 				strdone:
   552 						jmp		nextchar
   553 					
   554 				notchar:
   555 						cmp		 #'s'
   556 						bne		notstr
   557 					
   558 						inc		d0
   559 						lda		d0,x
   560 						sta		a1
   561 						lda		d0+1,x
   562 						sta		a1+1
   563
   564 				strloop:
   565 						ldy		#0
   566 						lda		(a1),y
   567 						beq		strdone
   568 						jsr		_log_putchar
   569 						inw		a1
   570 						jmp		strloop
   571 					
   572 				notstr:
   573 						cmp		#'f'
   574 						bne		notfloat
   575
   576 						inc		d0
   577 						lda		d0+1,x
   578 						tay
   579 						lda		d0,x
   580 						tax
   581 						jsr		fld0r
   582 						jsr		fasc
   583 						ldx		inbuff
   584 				nextfloatchar:
   585 						lda		+(lbuff&$ff00),x
   586 						inx
   587 						pha
   588 						and		#$7f
   589 						jsr		_log_putchar
   590 						pla
   591 						bpl		nextfloatchar
   592 						jmp		nextchar
   593
   594 				notfloat:
   595 						dec		d0
   596 						jmp		escaped
   597 					
   598 				puthexcond:
   599 						cmp		#$10
   600 						bcs		puthex
   601 						tax
   602 						lda		_hexdig,x
   603 						jmp		putbyte
   604
   605 				puthex:	
   606 						pha
   607 						lsr
   608 						lsr
   609 						lsr
   610 						lsr
   611 						tax
   612 						lda		_hexdig,x
   613 						jsr		putbyte
   614 						pla
   615 						and		#$0f
   616 						tax
   617 						lda		_hexdig,x
   618 				putbyte:
   619 						tax
   620 						jsr		_log_putchar
   621 						txa
   622 						rts
   623 				.endp
   624
   625 				;==========================================================================
   626 				.nowarn .proc _waitKey
   627 						lda		#$ff
   628 						sta		ch
   629 						sta		ch1
   630 						cmp:req	ch
   631 						rts
   632 				.endp
   633
   634 				;==========================================================================
   635 				.nowarn .proc _waitKeyPrompt
   636 						jsr		_log_imprint
   637 						dta		c"Press a key...",0
   638 						jsr		_waitKey
   639 						jsr		_log_imprint
   640 						dta		$9c,0
   641 						rts
   642 				.endp
   643
   644 				;==========================================================================
   645 				; _load_seg
   646 				;
   647 				; Module loader.
   648 				;
   649 				;	X:A = address of filename to load
   650 				;
   651 				.nowarn .proc	_load_seg
   652 						;open IOCB #1
   653 						sta		icbal+$10
   654 						stx		icbah+$10
   655 						lda		#$04
   656 						sta		icax1+$10
   657 						lda		#CIOCmdOpen
   658 						jsr		do_io
   659 						bmi		other_fail
   660
   661 						;begin relocation
   662 						mwa		#definit runad
   663
   664 				relocloop:
   665 						;load starting address
   666 						mwa		#a0 icbal+$10
   667 						jsr		load_two
   668 						bmi		startaddr_fail
   669 						
   670 						;check for $FFFF signature
   671 						lda		a0
   672 						and		a0+1
   673 						cmp		#$ff
   674 						beq		relocloop
   675 						
   676 						;load ending address
   677 						mwa		#a1 icbal+$10
   678 						jsr		load_two
   679 						bmi		other_fail
   680 						
   681 						;compute length and load
   682 						sbw		a1 a0 icbll+$10
   683 						inw		icbll+$10
   684 						mwa		a0 icbal+$10
   685 						jsr		load_bytes
   686 						bmi		other_fail
   687 						
   688 						;init a segment
   689 						mwa		#definit initad
   690 						jsr		doinit
   691 						jmp		relocloop
   692
   693 				startaddr_fail:
   694 						cpy		#CIOStatEndOfFile
   695 						bne		other_fail
   696 						ldy		#1
   697 				other_fail:
   698 						;save status
   699 						sty		a0
   700 						
   701 						;close IOCB #1
   702 						lda		#CIOCmdClose
   703 						jsr		do_io
   704 						
   705 						;restore status and exit
   706 						ldy		a0
   707 						rts
   708 						
   709 				load_two:
   710 						mwa		#2 icbll+$10
   711 				load_bytes:
   712 						lda		#CIOCmdGetChars
   713 				do_io:
   714 						sta		iccmd+$10
   715 						ldx		#$10
   716 						jmp		ciov
   717
   718 				doinit:
   719 						jmp		(initad)
   720 					
   721 				definit:
   722 						rts
   723
   724 				.endp
   725
   726 				;==========================================================================
   727 				; _run_seg
   728 				;
   729 				; Module relocator and executor.
   730 				;
   731 				; The last segment loaded by _load_seg is relocated and executed.
   732 				;
   733 				.nowarn .proc _run_seg
   734 						jmp		(runad)
   735 				.endp
   736
   737 				;=======================================================================
   738 				.nowarn .proc _Exec
   739 						jsr		_load_seg
   740 						jmp		_run_seg
   741 				.endp
   742
   743 				;=======================================================================
   744 				.nowarn .proc _ExecMenu
   745 						ldx		#>menu_exe
   746 						lda		#<menu_exe
   747 						jmp		_Exec
   748
   749 				menu_exe:
   750 						dta		'D:MENU.EXE',$9B		
   751 				.endp
   752
   753 				;=======================================================================
   754 				.nowarn .proc _RunTests
   755 				test_loop:
   756 						;read next test line
   757 						mva		#$80 icbll+$20
   758 						mva		#$00 icblh+$20
   759 						ldx		#$20
   760 						jsr		ciov
   761 						bpl		testOK
   762 						jmp		_ExecMenu
   763 				testOK:
   764 						;replace EOL with 0
   765 						ldx		#$ff
   766 						lda		#$9b
   767 				eol_loop:
   768 						inx
   769 						cmp		$0480,x
   770 						bne		eol_loop
   771 						lda		#0
   772 						sta		$0480,x
   773
   774 						mwa		#$0482 d1
   775 						jsr		_log_imprintf
   776 						dta		'--- Test %s ---',$9B,'Loading...',0
   777 								
   778 						;store return stack ptr
   779 						tsx
   780 						inx
   781 						inx
   782 						sta		_test_sp
   783 						
   784 						;load segment
   785 						mva		#'D' $0480
   786 						mva		#':' $0481
   787 						ldx		#$04
   788 						lda		#$80
   789 						jsr		_load_seg
   790 						bmi		fail
   791 						
   792 						;clear loading message
   793 						jsr		_log_imprint
   794 						dta		$9c,0
   795 						
   796 						;run segment
   797 						jsr		_run_seg
   798 						jmp		test_loop
   799 						
   800 				fail:
   801 						sty		d1
   802 						jsr		_log_imprintf
   803 						dta		'FAILED to load: %x',$9b,0
   804 						jsr		_waitKeyPrompt
   805 						jmp		test_loop
   806 				.endp
   807
   808 				;=======================================================================
   809 						.if *>$2c00
   810 						.error	'Library too long: ',*,' > $2C00'
   811 						.endif
   812
   813 						opt		o+
     2 						icl		'cio.inc'
Source: cio.inc
     1 				;	Altirra - Atari 800/800XL/5200 emulator
     2 				;	Modular Kernel ROM - Character Input/Output Definitions
     3 				;	Copyright (C) 2008-2012 Avery Lee
     4 				;
     5 				;	This program is free software; you can redistribute it and/or modify
     6 				;	it under the terms of the GNU General Public License as published by
     7 				;	the Free Software Foundation; either version 2 of the License, or
     8 				;	(at your option) any later version.
     9 				;
    10 				;	This program is distributed in the hope that it will be useful,
    11 				;	but WITHOUT ANY WARRANTY; without even the implied warranty of
    12 				;	MERCHANTABILITY or FITNESS FOR A PARTICULAR PURPOSE.  See the
    13 				;	GNU General Public License for more details.
    14 				;
    15 				;	You should have received a copy of the GNU General Public License
    16 				;	along with this program; if not, write to the Free Software
    17 				;	Foundation, Inc., 675 Mass Ave, Cambridge, MA 02139, USA.
    18
    19 				.ifndef f_CIO_INC
    20 				.def f_CIO_INC
    21
    22 				CIOStatBreak		= $80	;break key abort
    23 				CIOStatIOCBInUse	= $81	;IOCB in use
    24 				CIOStatUnkDevice	= $82	;unknown device
    25 				CIOStatWriteOnly	= $83	;opened for write only
    26 				CIOStatInvalidCmd	= $84	;invalid command
    27 				CIOStatNotOpen		= $85	;device or file not open
    28 				CIOStatInvalidIOCB	= $86	;invalid IOCB number
    29 				CIOStatReadOnly		= $87	;opened for read only
    30 				CIOStatEndOfFile	= $88	;end of file reached
    31 				CIOStatTruncRecord	= $89	;record truncated
    32 				CIOStatTimeout		= $8A	;device timeout
    33 				CIOStatNAK			= $8B	;device NAK
    34 				CIOStatSerFrameErr	= $8C	;serial bus framing error
    35 				CIOStatCursorRange	= $8D	;cursor out of range
    36 				CIOStatSerOverrun	= $8E	;serial frame overrun error
    37 				CIOStatSerChecksum	= $8F	;serial checksum error
    38 				CIOStatDeviceDone	= $90	;device done error
    39 				CIOStatBadScrnMode	= $91	;bad screen mode
    40 				CIOStatNotSupported	= $92	;function not supported by handler
    41 				CIOStatOutOfMemory	= $93	;not enough memory
    42 				CIOStatDriveNumErr	= $A0	;disk drive # error
    43 				CIOStatTooManyFiles	= $A1	;too many open disk files
    44 				CIOStatDiskFull		= $A2	;disk full
    45 				CIOStatFatalDiskIO	= $A3	;fatal disk I/O error
    46 				CIOStatFileNumDiff	= $A4	;internal file # mismatch
    47 				CIOStatFileNameErr	= $A5	;filename error
    48 				CIOStatPointDLen	= $A6	;point data length error
    49 				CIOStatFileLocked	= $A7	;file locked
    50 				CIOStatInvDiskCmd	= $A8	;invalid command for disk
    51 				CIOStatDirFull		= $A9	;directory full (64 files)
    52 				CIOStatFileNotFound	= $AA	;file not found
    53 				CIOStatInvPoint		= $AB	;invalid point
    54
    55 				CIOCmdOpen			= $03
    56 				CIOCmdGetRecord		= $05
    57 				CIOCmdGetChars		= $07
    58 				CIOCmdPutRecord		= $09
    59 									; $0A	;PUT CHARS alias (required by K-Razy Shoot Out)
    60 				CIOCmdPutChars		= $0B
    61 				CIOCmdClose			= $0C
    62 				CIOCmdGetStatus		= $0D
    63 				CIOCmdSpecial		= $0E	;$0E and up is escape
    64
    65 				.endif
     3
     4 2A8F					_TEST_ENTRY
Macro: _TEST_ENTRY [Source: library.s]
     5 FFFF> 02E0-02E1> 00 2C			run		main
Source: tmthpack.s
     5 						
     6 2A8F					org		$80
     7 						opt		o-
     8 						
     9 0080					org		$2c00
    10 						opt		o-
    11
    12 				_LDFR0	.macro
    13 						jsr		LoadFR0
    14 						.fl		:1
    15 						.endm
    16
    17 				_LDFR0X	.macro
    18 						jsr		LoadFR0
    19 						dta		:1,:2,:3,:4,:5,:6
    20 						.endm
    21
    22 				_LDFR1	.macro
    23 						jsr		LoadFR1
    24 						.fl		:1
    25 						.endm
    26
    27 				_LDSTR	.macro
    28 						jsr		LoadString
    29 						dta		:1,$80
    30 						.endm
    31
    32 				_ZFR0	.macro
    33 						jsr		zfr0
    34 						.endm
    35 						
    36 				_ZFR1	.macro
    37 						jsr		ZeroFR1
    38 						.endm
    39
    40 				_ASFR0	.macro
    41 						jsr		AssertFR0
    42 						.fl		:1
    43 						dta		:2,0
    44 						.endm
    45
    46 				_ASFR0_RAW	.macro
    47 						jsr		AssertFR0
    48 						dta		:1,:2,:3,:4,:5,:6
    49 						dta		:7,0
    50 						.endm
    51
    52 				_ASFR0R	.macro
    53 						jsr		AssertFR0Range
    54 						.fl		:1
    55 						.fl		:2
    56 						dta		:3,0
    57 						.endm
    58
    59 				_ASERR	.macro
    60 						jsr		AssertERR
    61 						dta		:1,0
    62 						.endm
    63 						
    64 				_ASA	.macro
    65 						ldx		#:1
    66 						jsr		AssertA
    67 						dta		:2,0
    68 						.endm
    69
    70 				_TEST_FASC	.macro
    71 						jsr		TestFASC
    72 						.fl		:1
    73 						dta		:2,0
    74 						.endm
    75
    76 				_FADD	.macro
    77 						jsr		fadd_chk
    78 						.endm
    79 						
    80 				_FADD2	.macro
    81 						_LDFR0	:1
    82 						_LDFR1	:2
    83 						_FADD
    84 						.endm
    85
    86 				_FSUB	.macro
    87 						jsr		fsub_chk
    88 						.endm
    89 						
    90 				_FSUB2	.macro
    91 						_LDFR0	:1
    92 						_LDFR1	:2
    93 						_FSUB
    94 						.endm
    95 						
    96 				_FMUL	.macro
    97 						jsr		fmul_chk
    98 						.endm
    99 						
   100 				_FMUL2	.macro
   101 						_LDFR0	:1
   102 						_LDFR1	:2
   103 						_FMUL
   104 						.endm
   105
   106 				_FDIV	.macro
   107 						jsr		fdiv_chk
   108 						.endm
   109 						
   110 				_FDIV2	.macro
   111 						_LDFR0	:1
   112 						_LDFR1	:2
   113 						_FDIV
   114 						.endm
   115 						
   116 				_FLOG	.macro
   117 						jsr		log
   118 						.endm
   119 						
   120 				_FLOG1	.macro
   121 						_LDFR0	:1
   122 						_FLOG
   123 						.endm
   124
   125 				_FLOG10	.macro
   126 						jsr		log10
   127 						.endm
   128 						
   129 				_FLOG101	.macro
   130 						_LDFR0	:1
   131 						_FLOG10
   132 						.endm
   133
   134 				_FEXP	.macro
   135 						jsr		exp
   136 						.endm
   137
   138 				_FEXP1	.macro
   139 						_LDFR0	:1
   140 						_FEXP
   141 						.endm
   142
   143 				_FEXP10	.macro
   144 						jsr		exp10
   145 						.endm
   146 						
   147 				_FEXP101	.macro
   148 						_LDFR0	:1
   149 						_FEXP10
   150 						.endm
   151
   152 				_FIFP	.macro
   153 						jsr		ipf
   154 						.endm
   155 						
   156 				_FIFP1	.macro
   157 						mwa		#:1 fr0
   158 						_FIFP
   159 						.endm
   160
   161 				_FFPI	.macro
   162 						jsr		fpi
   163 						.endm
   164 						
   165 				_FFPI1	.macro
   166 						_LDFR0	:1
   167 						_FFPI
   168 						.endm
   169 						
   170 						opt		o+
   171 						
   172 2C00			.proc main
   173 						;====================== fadd tests ======================
   174 2C00					_FADD2	0, 0
Macro: _FADD2 [Source: tmthpack.s]
     1 2C00-49D3> 20 01 47			jsr		LoadFR0
     1 2C09 20 16 47				jsr		LoadFR1
     1 2C12 20 7C 47				jsr		fadd_chk
Source: tmthpack.s
Source: tmthpack.s
   175 2C15					_ASFR0	0, '0+0'
Macro: _ASFR0 [Source: tmthpack.s]
     1 2C15 20 44 48				jsr		AssertFR0
     3 2C1E 30 2B 30 00				dta		'0+0',0
Source: tmthpack.s
   176 						
   177 2C22					_FADD2	0, 1
Macro: _FADD2 [Source: tmthpack.s]
     1 2C22 20 01 47				jsr		LoadFR0
     1 2C2B 20 16 47				jsr		LoadFR1
     1 2C34 20 7C 47				jsr		fadd_chk
Source: tmthpack.s
Source: tmthpack.s
   178 2C37					_ASFR0	1, '0+1'
Macro: _ASFR0 [Source: tmthpack.s]
     1 2C37 20 44 48				jsr		AssertFR0
     3 2C40 30 2B 31 00				dta		'0+1',0
Source: tmthpack.s
   179
   180 2C44					_FADD2	1, 0
Macro: _FADD2 [Source: tmthpack.s]
     1 2C44 20 01 47				jsr		LoadFR0
     1 2C4D 20 16 47				jsr		LoadFR1
     1 2C56 20 7C 47				jsr		fadd_chk
Source: tmthpack.s
Source: tmthpack.s
   181 2C59					_ASFR0	1, '1+0'
Macro: _ASFR0 [Source: tmthpack.s]
     1 2C59 20 44 48				jsr		AssertFR0
     3 2C62 31 2B 30 00				dta		'1+0',0
Source: tmthpack.s
   182 						
   183 						;test difference in magnitudes that still matters
   184 2C66					_FADD2	1, 0.00000001
Macro: _FADD2 [Source: tmthpack.s]
     1 2C66 20 01 47				jsr		LoadFR0
     1 2C6F 20 16 47				jsr		LoadFR1
     1 2C78 20 7C 47				jsr		fadd_chk
Source: tmthpack.s
Source: tmthpack.s
   185 2C7B					_ASFR0	1.00000001, '1+0.00000001'
Macro: _ASFR0 [Source: tmthpack.s]
     1 2C7B 20 44 48				jsr		AssertFR0
     3 2C84 31 2B 30 2E 30 30 + 		dta		'1+0.00000001',0
Source: tmthpack.s
   186 						
   187 						;test difference in magnitude that doesn't matter (and for which rounding
   188 						;doesn't make a difference)
   189 2C91					_FADD2	1, 1E-10
Macro: _FADD2 [Source: tmthpack.s]
     1 2C91 20 01 47				jsr		LoadFR0
     1 2C9A 20 16 47				jsr		LoadFR1
     1 2CA3 20 7C 47				jsr		fadd_chk
Source: tmthpack.s
Source: tmthpack.s
   190 2CA6					_ASFR0	1, '1+1E-10'
Macro: _ASFR0 [Source: tmthpack.s]
     1 2CA6 20 44 48				jsr		AssertFR0
     3 2CAF 31 2B 31 45 2D 31 + 		dta		'1+1E-10',0
Source: tmthpack.s
   191 										
   192 						;test sign flip
   193 2CB7					_FADD2	0.5, -1
Macro: _FADD2 [Source: tmthpack.s]
     1 2CB7 20 01 47				jsr		LoadFR0
     1 2CC0 20 16 47				jsr		LoadFR1
     1 2CC9 20 7C 47				jsr		fadd_chk
Source: tmthpack.s
Source: tmthpack.s
   194 2CCC					_ASFR0	-0.5, '0.5+-1'
Macro: _ASFR0 [Source: tmthpack.s]
     1 2CCC 20 44 48				jsr		AssertFR0
     3 2CD5 30 2E 35 2B 2D 31 + 		dta		'0.5+-1',0
Source: tmthpack.s
   195 						
   196 						;test carry to higher exponent
   197 2CDC					_FADD2	0.9987654300, 0.01
Macro: _FADD2 [Source: tmthpack.s]
     1 2CDC 20 01 47				jsr		LoadFR0
     1 2CE5 20 16 47				jsr		LoadFR1
     1 2CEE 20 7C 47				jsr		fadd_chk
Source: tmthpack.s
Source: tmthpack.s
   198 2CF1					_ASFR0	1.00876543, '0.9987654300+0.01'
Macro: _ASFR0 [Source: tmthpack.s]
     1 2CF1 20 44 48				jsr		AssertFR0
     3 2CFA 30 2E 39 39 38 37 + 		dta		'0.9987654300+0.01',0
Source: tmthpack.s
   199
   200 						;test borrow to lower exponent
   201 2D0C					_FADD2	1, -0.00000001
Macro: _FADD2 [Source: tmthpack.s]
     1 2D0C 20 01 47				jsr		LoadFR0
     1 2D15 20 16 47				jsr		LoadFR1
     1 2D1E 20 7C 47				jsr		fadd_chk
Source: tmthpack.s
Source: tmthpack.s
   202 2D21					_ASFR0	0.99999999, '1+-0.00000001'
Macro: _ASFR0 [Source: tmthpack.s]
     1 2D21 20 44 48				jsr		AssertFR0
     3 2D2A 31 2B 2D 30 2E 30 + 		dta		'1+-0.00000001',0
Source: tmthpack.s
   203 						
   204 						;test zero cancellation
   205 2D38					_FADD2	1, -1
Macro: _FADD2 [Source: tmthpack.s]
     1 2D38 20 01 47				jsr		LoadFR0
     1 2D41 20 16 47				jsr		LoadFR1
     1 2D4A 20 7C 47				jsr		fadd_chk
Source: tmthpack.s
Source: tmthpack.s
   206 2D4D					_ASFR0	0, '1+-1'
Macro: _ASFR0 [Source: tmthpack.s]
     1 2D4D 20 44 48				jsr		AssertFR0
     3 2D56 31 2B 2D 31 00			dta		'1+-1',0
Source: tmthpack.s
   207 						
   208 						;test destructive cancellation
   209 2D5B					_FADD2	1, -0.99
Macro: _FADD2 [Source: tmthpack.s]
     1 2D5B 20 01 47				jsr		LoadFR0
     1 2D64 20 16 47				jsr		LoadFR1
     1 2D6D 20 7C 47				jsr		fadd_chk
Source: tmthpack.s
Source: tmthpack.s
   210 2D70					_ASFR0	0.01, '1+-0.99'
Macro: _ASFR0 [Source: tmthpack.s]
     1 2D70 20 44 48				jsr		AssertFR0
     3 2D79 31 2B 2D 30 2E 39 + 		dta		'1+-0.99',0
Source: tmthpack.s
   211 						
   212 2D81					_FADD2	1.00000001, -1
Macro: _FADD2 [Source: tmthpack.s]
     1 2D81 20 01 47				jsr		LoadFR0
     1 2D8A 20 16 47				jsr		LoadFR1
     1 2D93 20 7C 47				jsr		fadd_chk
Source: tmthpack.s
Source: tmthpack.s
   213 2D96					_ASFR0	0.00000001, '1.00000001+-1'
Macro: _ASFR0 [Source: tmthpack.s]
     1 2D96 20 44 48				jsr		AssertFR0
     3 2D9F 31 2E 30 30 30 30 + 		dta		'1.00000001+-1',0
Source: tmthpack.s
   214
   215 2DAD					_FADD2	-1, 0.01
Macro: _FADD2 [Source: tmthpack.s]
     1 2DAD 20 01 47				jsr		LoadFR0
     1 2DB6 20 16 47				jsr		LoadFR1
     1 2DBF 20 7C 47				jsr		fadd_chk
Source: tmthpack.s
Source: tmthpack.s
   216 2DC2					_ASFR0	-0.99, '-1+0.01'
Macro: _ASFR0 [Source: tmthpack.s]
     1 2DC2 20 44 48				jsr		AssertFR0
     3 2DCB 2D 31 2B 30 2E 30 + 		dta		'-1+0.01',0
Source: tmthpack.s
   217 						
   218 						;test overflow (>=1E+98)
   219 2DD3					_FADD2	9.9E+97, 9.9E+95
Macro: _FADD2 [Source: tmthpack.s]
     1 2DD3 20 01 47				jsr		LoadFR0
     1 2DDC 20 16 47				jsr		LoadFR1
     1 2DE5 20 7C 47				jsr		fadd_chk
Source: tmthpack.s
Source: tmthpack.s
   220 2DE8					_ASFR0	9.999E+97, '9.9E+97 + 9.9E+95'
Macro: _ASFR0 [Source: tmthpack.s]
     1 2DE8 20 44 48				jsr		AssertFR0
     3 2DF1 39 2E 39 45 2B 39 + 		dta		'9.9E+97 + 9.9E+95',0
Source: tmthpack.s
   221 						
   222 2E03					_FADD2	9.9E+97, 1E+96
Macro: _FADD2 [Source: tmthpack.s]
     1 2E03 20 01 47				jsr		LoadFR0
     1 2E0C 20 16 47				jsr		LoadFR1
     1 2E15 20 7C 47				jsr		fadd_chk
Source: tmthpack.s
Source: tmthpack.s
   223 2E18					_ASERR	'9.9E+97 + 1E+96'
Macro: _ASERR [Source: tmthpack.s]
     1 2E18 20 D0 48				jsr		AssertERR
     2 2E1B 39 2E 39 45 2B 39 + 		dta		'9.9E+97 + 1E+96',0
Source: tmthpack.s
   224 						
   225 						;test underflow
   226 2E2B					_FADD2	1.000001E-96, -1E-96
Macro: _FADD2 [Source: tmthpack.s]
     1 2E2B 20 01 47				jsr		LoadFR0
     1 2E34 20 16 47				jsr		LoadFR1
     1 2E3D 20 7C 47				jsr		fadd_chk
Source: tmthpack.s
Source: tmthpack.s
   227 2E40					_ASFR0	0, '1.000001E-96 + -1E-96'
Macro: _ASFR0 [Source: tmthpack.s]
     1 2E40 20 44 48				jsr		AssertFR0
     3 2E49 31 2E 30 30 30 30 + 		dta		'1.000001E-96 + -1E-96',0
Source: tmthpack.s
   228 						
   229 						;====================== fsub tests ======================
   230 2E5F					_FSUB2	0, 0
Macro: _FSUB2 [Source: tmthpack.s]
     1 2E5F 20 01 47				jsr		LoadFR0
     1 2E68 20 16 47				jsr		LoadFR1
     1 2E71 20 82 47				jsr		fsub_chk
Source: tmthpack.s
Source: tmthpack.s
   231 2E74					_ASFR0	0, '0-0'
Macro: _ASFR0 [Source: tmthpack.s]
     1 2E74 20 44 48				jsr		AssertFR0
     3 2E7D 30 2D 30 00				dta		'0-0',0
Source: tmthpack.s
   232 						
   233 2E81					_FSUB2	0, -1
Macro: _FSUB2 [Source: tmthpack.s]
     1 2E81 20 01 47				jsr		LoadFR0
     1 2E8A 20 16 47				jsr		LoadFR1
     1 2E93 20 82 47				jsr		fsub_chk
Source: tmthpack.s
Source: tmthpack.s
   234 2E96					_ASFR0	1, '0-1'
Macro: _ASFR0 [Source: tmthpack.s]
     1 2E96 20 44 48				jsr		AssertFR0
     3 2E9F 30 2D 31 00				dta		'0-1',0
Source: tmthpack.s
   235
   236 2EA3					_FSUB2	1, 0
Macro: _FSUB2 [Source: tmthpack.s]
     1 2EA3 20 01 47				jsr		LoadFR0
     1 2EAC 20 16 47				jsr		LoadFR1
     1 2EB5 20 82 47				jsr		fsub_chk
Source: tmthpack.s
Source: tmthpack.s
   237 2EB8					_ASFR0	1, '1-0'
Macro: _ASFR0 [Source: tmthpack.s]
     1 2EB8 20 44 48				jsr		AssertFR0
     3 2EC1 31 2D 30 00				dta		'1-0',0
Source: tmthpack.s
   238 						
   239 						;test difference in magnitudes that still matters
   240 2EC5					_FSUB2	1, -0.00000001
Macro: _FSUB2 [Source: tmthpack.s]
     1 2EC5 20 01 47				jsr		LoadFR0
     1 2ECE 20 16 47				jsr		LoadFR1
     1 2ED7 20 82 47				jsr		fsub_chk
Source: tmthpack.s
Source: tmthpack.s
   241 2EDA					_ASFR0	1.00000001, '1--0.00000001'
Macro: _ASFR0 [Source: tmthpack.s]
     1 2EDA 20 44 48				jsr		AssertFR0
     3 2EE3 31 2D 2D 30 2E 30 + 		dta		'1--0.00000001',0
Source: tmthpack.s
   242 						
   243 						;test difference in magnitude that doesn't matter (and for which rounding
   244 						;doesn't make a difference)
   245 2EF1					_FSUB2	1, -1E-10
Macro: _FSUB2 [Source: tmthpack.s]
     1 2EF1 20 01 47				jsr		LoadFR0
     1 2EFA 20 16 47				jsr		LoadFR1
     1 2F03 20 82 47				jsr		fsub_chk
Source: tmthpack.s
Source: tmthpack.s
   246 2F06					_ASFR0	1, '1+-1E-10'
Macro: _ASFR0 [Source: tmthpack.s]
     1 2F06 20 44 48				jsr		AssertFR0
     3 2F0F 31 2B 2D 31 45 2D + 		dta		'1+-1E-10',0
Source: tmthpack.s
   247 										
   248 						;test sign flip
   249 2F18					_FSUB2	0.5, 1
Macro: _FSUB2 [Source: tmthpack.s]
     1 2F18 20 01 47				jsr		LoadFR0
     1 2F21 20 16 47				jsr		LoadFR1
     1 2F2A 20 82 47				jsr		fsub_chk
Source: tmthpack.s
Source: tmthpack.s
   250 2F2D					_ASFR0	-0.5, '0.5+1'
Macro: _ASFR0 [Source: tmthpack.s]
     1 2F2D 20 44 48				jsr		AssertFR0
     3 2F36 30 2E 35 2B 31 00			dta		'0.5+1',0
Source: tmthpack.s
   251 						
   252 						;test carry to higher exponent
   253 2F3C					_FSUB2	0.99, -0.01
Macro: _FSUB2 [Source: tmthpack.s]
     1 2F3C 20 01 47				jsr		LoadFR0
     1 2F45 20 16 47				jsr		LoadFR1
     1 2F4E 20 82 47				jsr		fsub_chk
Source: tmthpack.s
Source: tmthpack.s
   254 2F51					_ASFR0	1, '0.99+-0.01'
Macro: _ASFR0 [Source: tmthpack.s]
     1 2F51 20 44 48				jsr		AssertFR0
     3 2F5A 30 2E 39 39 2B 2D + 		dta		'0.99+-0.01',0
Source: tmthpack.s
   255
   256 						;test borrow to lower exponent
   257 2F65					_FSUB2	1, 0.00000001
Macro: _FSUB2 [Source: tmthpack.s]
     1 2F65 20 01 47				jsr		LoadFR0
     1 2F6E 20 16 47				jsr		LoadFR1
     1 2F77 20 82 47				jsr		fsub_chk
Source: tmthpack.s
Source: tmthpack.s
   258 2F7A					_ASFR0	0.99999999, '1-0.00000001'
Macro: _ASFR0 [Source: tmthpack.s]
     1 2F7A 20 44 48				jsr		AssertFR0
     3 2F83 31 2D 30 2E 30 30 + 		dta		'1-0.00000001',0
Source: tmthpack.s
   259 						
   260 						;test zero cancellation
   261 2F90					_FSUB2	1, 1
Macro: _FSUB2 [Source: tmthpack.s]
     1 2F90 20 01 47				jsr		LoadFR0
     1 2F99 20 16 47				jsr		LoadFR1
     1 2FA2 20 82 47				jsr		fsub_chk
Source: tmthpack.s
Source: tmthpack.s
   262 2FA5					_ASFR0	0, '1-1'
Macro: _ASFR0 [Source: tmthpack.s]
     1 2FA5 20 44 48				jsr		AssertFR0
     3 2FAE 31 2D 31 00				dta		'1-1',0
Source: tmthpack.s
   263 						
   264 						;test destructive cancellation
   265 2FB2					_FSUB2	1, 0.01
Macro: _FSUB2 [Source: tmthpack.s]
     1 2FB2 20 01 47				jsr		LoadFR0
     1 2FBB 20 16 47				jsr		LoadFR1
     1 2FC4 20 82 47				jsr		fsub_chk
Source: tmthpack.s
Source: tmthpack.s
   266 2FC7					_ASFR0	0.99, '1-0.01'
Macro: _ASFR0 [Source: tmthpack.s]
     1 2FC7 20 44 48				jsr		AssertFR0
     3 2FD0 31 2D 30 2E 30 31 + 		dta		'1-0.01',0
Source: tmthpack.s
   267 						
   268 2FD7					_FSUB2	1, 0.99
Macro: _FSUB2 [Source: tmthpack.s]
     1 2FD7 20 01 47				jsr		LoadFR0
     1 2FE0 20 16 47				jsr		LoadFR1
     1 2FE9 20 82 47				jsr		fsub_chk
Source: tmthpack.s
Source: tmthpack.s
   269 2FEC					_ASFR0	0.01, '1-0.99'
Macro: _ASFR0 [Source: tmthpack.s]
     1 2FEC 20 44 48				jsr		AssertFR0
     3 2FF5 31 2D 30 2E 39 39 + 		dta		'1-0.99',0
Source: tmthpack.s
   270 						
   271 2FFC					_FSUB2	2, 0.01
Macro: _FSUB2 [Source: tmthpack.s]
     1 2FFC 20 01 47				jsr		LoadFR0
     1 3005 20 16 47				jsr		LoadFR1
     1 300E 20 82 47				jsr		fsub_chk
Source: tmthpack.s
Source: tmthpack.s
   272 3011					_ASFR0	1.99, '2-0.01'
Macro: _ASFR0 [Source: tmthpack.s]
     1 3011 20 44 48				jsr		AssertFR0
     3 301A 32 2D 30 2E 30 31 + 		dta		'2-0.01',0
Source: tmthpack.s
   273 						
   274 3021					_FSUB2	1.00000001, 1
Macro: _FSUB2 [Source: tmthpack.s]
     1 3021 20 01 47				jsr		LoadFR0
     1 302A 20 16 47				jsr		LoadFR1
     1 3033 20 82 47				jsr		fsub_chk
Source: tmthpack.s
Source: tmthpack.s
   275 3036					_ASFR0	0.00000001, '1.00000001-1'
Macro: _ASFR0 [Source: tmthpack.s]
     1 3036 20 44 48				jsr		AssertFR0
     3 303F 31 2E 30 30 30 30 + 		dta		'1.00000001-1',0
Source: tmthpack.s
   276 						
   277 						;test overflow (>=1E+98)
   278 304C					_FSUB2	9.9E+97, -9.9E+95
Macro: _FSUB2 [Source: tmthpack.s]
     1 304C 20 01 47				jsr		LoadFR0
     1 3055 20 16 47				jsr		LoadFR1
     1 305E 20 82 47				jsr		fsub_chk
Source: tmthpack.s
Source: tmthpack.s
   279 3061					_ASFR0	9.999E+97, '9.9E+97 - -9.9E+95'
Macro: _ASFR0 [Source: tmthpack.s]
     1 3061 20 44 48				jsr		AssertFR0
     3 306A 39 2E 39 45 2B 39 + 		dta		'9.9E+97 - -9.9E+95',0
Source: tmthpack.s
   280 						
   281 307D					_FSUB2	9.9E+97, -1E+96
Macro: _FSUB2 [Source: tmthpack.s]
     1 307D 20 01 47				jsr		LoadFR0
     1 3086 20 16 47				jsr		LoadFR1
     1 308F 20 82 47				jsr		fsub_chk
Source: tmthpack.s
Source: tmthpack.s
   282 3092					_ASERR	'9.9E+97 + -1E+96'
Macro: _ASERR [Source: tmthpack.s]
     1 3092 20 D0 48				jsr		AssertERR
     2 3095 39 2E 39 45 2B 39 + 		dta		'9.9E+97 + -1E+96',0
Source: tmthpack.s
   283 						
   284 						;test underflow
   285 30A6					_FSUB2	1.000001E-96, 1E-96
Macro: _FSUB2 [Source: tmthpack.s]
     1 30A6 20 01 47				jsr		LoadFR0
     1 30AF 20 16 47				jsr		LoadFR1
     1 30B8 20 82 47				jsr		fsub_chk
Source: tmthpack.s
Source: tmthpack.s
   286 30BB					_ASFR0	0, '1.000001E-96 - 1E-96'
Macro: _ASFR0 [Source: tmthpack.s]
     1 30BB 20 44 48				jsr		AssertFR0
     3 30C4 31 2E 30 30 30 30 + 		dta		'1.000001E-96 - 1E-96',0
Source: tmthpack.s
   287
   288 						;====================== fmul tests ======================
   289 30D9					_FMUL2	0, 0
Macro: _FMUL2 [Source: tmthpack.s]
     1 30D9 20 01 47				jsr		LoadFR0
     1 30E2 20 16 47				jsr		LoadFR1
     1 30EB 20 88 47				jsr		fmul_chk
Source: tmthpack.s
Source: tmthpack.s
   290 30EE					_ASFR0	0, '0x0'
Macro: _ASFR0 [Source: tmthpack.s]
     1 30EE 20 44 48				jsr		AssertFR0
     3 30F7 30 78 30 00				dta		'0x0',0
Source: tmthpack.s
   291 						
   292 30FB					_FMUL2	0, 1
Macro: _FMUL2 [Source: tmthpack.s]
     1 30FB 20 01 47				jsr		LoadFR0
     1 3104 20 16 47				jsr		LoadFR1
     1 310D 20 88 47				jsr		fmul_chk
Source: tmthpack.s
Source: tmthpack.s
   293 3110					_ASFR0	0, '0x1'
Macro: _ASFR0 [Source: tmthpack.s]
     1 3110 20 44 48				jsr		AssertFR0
     3 3119 30 78 31 00				dta		'0x1',0
Source: tmthpack.s
   294 						
   295 311D					_FMUL2	1, 0
Macro: _FMUL2 [Source: tmthpack.s]
     1 311D 20 01 47				jsr		LoadFR0
     1 3126 20 16 47				jsr		LoadFR1
     1 312F 20 88 47				jsr		fmul_chk
Source: tmthpack.s
Source: tmthpack.s
   296 3132					_ASFR0	0, '1x0'
Macro: _ASFR0 [Source: tmthpack.s]
     1 3132 20 44 48				jsr		AssertFR0
     3 313B 31 78 30 00				dta		'1x0',0
Source: tmthpack.s
   297 						
   298 313F					_FMUL2	1, 1
Macro: _FMUL2 [Source: tmthpack.s]
     1 313F 20 01 47				jsr		LoadFR0
     1 3148 20 16 47				jsr		LoadFR1
     1 3151 20 88 47				jsr		fmul_chk
Source: tmthpack.s
Source: tmthpack.s
   299 3154					_ASFR0	1, '1x1'
Macro: _ASFR0 [Source: tmthpack.s]
     1 3154 20 44 48				jsr		AssertFR0
     3 315D 31 78 31 00				dta		'1x1',0
Source: tmthpack.s
   300 						
   301 3161					_FMUL2	1, -1
Macro: _FMUL2 [Source: tmthpack.s]
     1 3161 20 01 47				jsr		LoadFR0
     1 316A 20 16 47				jsr		LoadFR1
     1 3173 20 88 47				jsr		fmul_chk
Source: tmthpack.s
Source: tmthpack.s
   302 3176					_ASFR0	-1, '1x-1'
Macro: _ASFR0 [Source: tmthpack.s]
     1 3176 20 44 48				jsr		AssertFR0
     3 317F 31 78 2D 31 00			dta		'1x-1',0
Source: tmthpack.s
   303 						
   304 3184					_FMUL2	-1, 1
Macro: _FMUL2 [Source: tmthpack.s]
     1 3184 20 01 47				jsr		LoadFR0
     1 318D 20 16 47				jsr		LoadFR1
     1 3196 20 88 47				jsr		fmul_chk
Source: tmthpack.s
Source: tmthpack.s
   305 3199					_ASFR0	-1, '-1x1'
Macro: _ASFR0 [Source: tmthpack.s]
     1 3199 20 44 48				jsr		AssertFR0
     3 31A2 2D 31 78 31 00			dta		'-1x1',0
Source: tmthpack.s
   306 						
   307 31A7					_FMUL2	-1, -1
Macro: _FMUL2 [Source: tmthpack.s]
     1 31A7 20 01 47				jsr		LoadFR0
     1 31B0 20 16 47				jsr		LoadFR1
     1 31B9 20 88 47				jsr		fmul_chk
Source: tmthpack.s
Source: tmthpack.s
   308 31BC					_ASFR0	1, '-1x-1'
Macro: _ASFR0 [Source: tmthpack.s]
     1 31BC 20 44 48				jsr		AssertFR0
     3 31C5 2D 31 78 2D 31 00			dta		'-1x-1',0
Source: tmthpack.s
   309 						
   310 31CB					_FMUL2	0.01, 0.01
Macro: _FMUL2 [Source: tmthpack.s]
     1 31CB 20 01 47				jsr		LoadFR0
     1 31D4 20 16 47				jsr		LoadFR1
     1 31DD 20 88 47				jsr		fmul_chk
Source: tmthpack.s
Source: tmthpack.s
   311 31E0					_ASFR0	0.0001, '0.01x0.01'
Macro: _ASFR0 [Source: tmthpack.s]
     1 31E0 20 44 48				jsr		AssertFR0
     3 31E9 30 2E 30 31 78 30 + 		dta		'0.01x0.01',0
Source: tmthpack.s
   312
   313 31F3					_FMUL2	12.34567891, 1
Macro: _FMUL2 [Source: tmthpack.s]
     1 31F3 20 01 47				jsr		LoadFR0
     1 31FC 20 16 47				jsr		LoadFR1
     1 3205 20 88 47				jsr		fmul_chk
Source: tmthpack.s
Source: tmthpack.s
   314 3208					_ASFR0	12.34567891, '12.34567891x1'
Macro: _ASFR0 [Source: tmthpack.s]
     1 3208 20 44 48				jsr		AssertFR0
     3 3211 31 32 2E 33 34 35 + 		dta		'12.34567891x1',0
Source: tmthpack.s
   315 						
   316 321F					_FMUL2	1.2345, 6.7890
Macro: _FMUL2 [Source: tmthpack.s]
     1 321F 20 01 47				jsr		LoadFR0
     1 3228 20 16 47				jsr		LoadFR1
     1 3231 20 88 47				jsr		fmul_chk
Source: tmthpack.s
Source: tmthpack.s
   317 3234					_ASFR0	8.3810205, '1.2345x6.7890'
Macro: _ASFR0 [Source: tmthpack.s]
     1 3234 20 44 48				jsr		AssertFR0
     3 323D 31 2E 32 33 34 35 + 		dta		'1.2345x6.7890',0
Source: tmthpack.s
   318 						
   319 324B					_FMUL2	0.99, 0.99
Macro: _FMUL2 [Source: tmthpack.s]
     1 324B 20 01 47				jsr		LoadFR0
     1 3254 20 16 47				jsr		LoadFR1
     1 325D 20 88 47				jsr		fmul_chk
Source: tmthpack.s
Source: tmthpack.s
   320 3260					_ASFR0	0.9801, '0.99x0.99'
Macro: _ASFR0 [Source: tmthpack.s]
     1 3260 20 44 48				jsr		AssertFR0
     3 3269 30 2E 39 39 78 30 + 		dta		'0.99x0.99',0
Source: tmthpack.s
   321 						
   322 						;test overflow
   323 3273					_FMUL2	1e+90, 1e+90
Macro: _FMUL2 [Source: tmthpack.s]
     1 3273 20 01 47				jsr		LoadFR0
     1 327C 20 16 47				jsr		LoadFR1
     1 3285 20 88 47				jsr		fmul_chk
Source: tmthpack.s
Source: tmthpack.s
   324 3288					_ASERR	'1e+90x1e+90'
Macro: _ASERR [Source: tmthpack.s]
     1 3288 20 D0 48				jsr		AssertERR
     2 328B 31 65 2B 39 30 78 + 		dta		'1e+90x1e+90',0
Source: tmthpack.s
   325 						
   326 3297					_FMUL2	1e+90, -1e+90
Macro: _FMUL2 [Source: tmthpack.s]
     1 3297 20 01 47				jsr		LoadFR0
     1 32A0 20 16 47				jsr		LoadFR1
     1 32A9 20 88 47				jsr		fmul_chk
Source: tmthpack.s
Source: tmthpack.s
   327 32AC					_ASERR	'1e+90x-1e+90'
Macro: _ASERR [Source: tmthpack.s]
     1 32AC 20 D0 48				jsr		AssertERR
     2 32AF 31 65 2B 39 30 78 + 		dta		'1e+90x-1e+90',0
Source: tmthpack.s
   328
   329 32BC					_FMUL2	-1e+90, 1e+90
Macro: _FMUL2 [Source: tmthpack.s]
     1 32BC 20 01 47				jsr		LoadFR0
     1 32C5 20 16 47				jsr		LoadFR1
     1 32CE 20 88 47				jsr		fmul_chk
Source: tmthpack.s
Source: tmthpack.s
   330 32D1					_ASERR	'-1e+90x1e+90'
Macro: _ASERR [Source: tmthpack.s]
     1 32D1 20 D0 48				jsr		AssertERR
     2 32D4 2D 31 65 2B 39 30 + 		dta		'-1e+90x1e+90',0
Source: tmthpack.s
   331
   332 32E1					_FMUL2	-1e+90, -1e+90
Macro: _FMUL2 [Source: tmthpack.s]
     1 32E1 20 01 47				jsr		LoadFR0
     1 32EA 20 16 47				jsr		LoadFR1
     1 32F3 20 88 47				jsr		fmul_chk
Source: tmthpack.s
Source: tmthpack.s
   333 32F6					_ASERR	'-1e+90x-1e+90'
Macro: _ASERR [Source: tmthpack.s]
     1 32F6 20 D0 48				jsr		AssertERR
     2 32F9 2D 31 65 2B 39 30 + 		dta		'-1e+90x-1e+90',0
Source: tmthpack.s
   334
   335 						;Test underflow
   336 						;
   337 						;There is arguably a bug in the base OS where multiplying two numbers
   338 						;where the composite byte exponent is below -65 results in an error
   339 						;even though it is an underflow. For this reason, we avoid using such
   340 						;tiny numbers and use ones big enough to cause underflow without an
   341 						;error.
   342 						
   343 3307					_FMUL2	1e-64, 1e-64
Macro: _FMUL2 [Source: tmthpack.s]
     1 3307 20 01 47				jsr		LoadFR0
     1 3310 20 16 47				jsr		LoadFR1
     1 3319 20 88 47				jsr		fmul_chk
Source: tmthpack.s
Source: tmthpack.s
   344 331C					_ASFR0	0, '1e-64x1e-64'
Macro: _ASFR0 [Source: tmthpack.s]
     1 331C 20 44 48				jsr		AssertFR0
     3 3325 31 65 2D 36 34 78 + 		dta		'1e-64x1e-64',0
Source: tmthpack.s
   345 						
   346 3331					_FMUL2	1e-64, -1e-64
Macro: _FMUL2 [Source: tmthpack.s]
     1 3331 20 01 47				jsr		LoadFR0
     1 333A 20 16 47				jsr		LoadFR1
     1 3343 20 88 47				jsr		fmul_chk
Source: tmthpack.s
Source: tmthpack.s
   347 3346					_ASFR0	0, '1e-64x-1e-64'
Macro: _ASFR0 [Source: tmthpack.s]
     1 3346 20 44 48				jsr		AssertFR0
     3 334F 31 65 2D 36 34 78 + 		dta		'1e-64x-1e-64',0
Source: tmthpack.s
   348
   349 335C					_FMUL2	-1e-64, 1e-64
Macro: _FMUL2 [Source: tmthpack.s]
     1 335C 20 01 47				jsr		LoadFR0
     1 3365 20 16 47				jsr		LoadFR1
     1 336E 20 88 47				jsr		fmul_chk
Source: tmthpack.s
Source: tmthpack.s
   350 3371					_ASFR0	0, '-1e-64x1e-64'
Macro: _ASFR0 [Source: tmthpack.s]
     1 3371 20 44 48				jsr		AssertFR0
     3 337A 2D 31 65 2D 36 34 + 		dta		'-1e-64x1e-64',0
Source: tmthpack.s
   351
   352 3387					_FMUL2	-1e-64, -1e-64
Macro: _FMUL2 [Source: tmthpack.s]
     1 3387 20 01 47				jsr		LoadFR0
     1 3390 20 16 47				jsr		LoadFR1
     1 3399 20 88 47				jsr		fmul_chk
Source: tmthpack.s
Source: tmthpack.s
   353 339C					_ASFR0	0, '-1e-64x-1e-64'
Macro: _ASFR0 [Source: tmthpack.s]
     1 339C 20 44 48				jsr		AssertFR0
     3 33A5 2D 31 65 2D 36 34 + 		dta		'-1e-64x-1e-64',0
Source: tmthpack.s
   354
   355 						;====================== fdiv tests ======================
   356 33B3					_FDIV2	1, 1
Macro: _FDIV2 [Source: tmthpack.s]
     1 33B3 20 01 47				jsr		LoadFR0
     1 33BC 20 16 47				jsr		LoadFR1
     1 33C5 20 8E 47				jsr		fdiv_chk
Source: tmthpack.s
Source: tmthpack.s
   357 33C8					_ASFR0	1, '1/1'
Macro: _ASFR0 [Source: tmthpack.s]
     1 33C8 20 44 48				jsr		AssertFR0
     3 33D1 31 2F 31 00				dta		'1/1',0
Source: tmthpack.s
   358 						
   359 33D5					_FDIV2	0, 1
Macro: _FDIV2 [Source: tmthpack.s]
     1 33D5 20 01 47				jsr		LoadFR0
     1 33DE 20 16 47				jsr		LoadFR1
     1 33E7 20 8E 47				jsr		fdiv_chk
Source: tmthpack.s
Source: tmthpack.s
   360 33EA					_ASFR0	0, '0/1'
Macro: _ASFR0 [Source: tmthpack.s]
     1 33EA 20 44 48				jsr		AssertFR0
     3 33F3 30 2F 31 00				dta		'0/1',0
Source: tmthpack.s
   361 								
   362 33F7					_FDIV2	1, 0
Macro: _FDIV2 [Source: tmthpack.s]
     1 33F7 20 01 47				jsr		LoadFR0
     1 3400 20 16 47				jsr		LoadFR1
     1 3409 20 8E 47				jsr		fdiv_chk
Source: tmthpack.s
Source: tmthpack.s
   363 340C					_ASERR	'1/0'
Macro: _ASERR [Source: tmthpack.s]
     1 340C 20 D0 48				jsr		AssertERR
     2 340F 31 2F 30 00				dta		'1/0',0
Source: tmthpack.s
   364
   365 3413					_FDIV2	0, 0
Macro: _FDIV2 [Source: tmthpack.s]
     1 3413 20 01 47				jsr		LoadFR0
     1 341C 20 16 47				jsr		LoadFR1
     1 3425 20 8E 47				jsr		fdiv_chk
Source: tmthpack.s
Source: tmthpack.s
   366 3428					_ASERR	'0/0'
Macro: _ASERR [Source: tmthpack.s]
     1 3428 20 D0 48				jsr		AssertERR
     2 342B 30 2F 30 00				dta		'0/0',0
Source: tmthpack.s
   367
   368 342F					_FDIV2	1, -1
Macro: _FDIV2 [Source: tmthpack.s]
     1 342F 20 01 47				jsr		LoadFR0
     1 3438 20 16 47				jsr		LoadFR1
     1 3441 20 8E 47				jsr		fdiv_chk
Source: tmthpack.s
Source: tmthpack.s
   369 3444					_ASFR0	-1, '1/-1'
Macro: _ASFR0 [Source: tmthpack.s]
     1 3444 20 44 48				jsr		AssertFR0
     3 344D 31 2F 2D 31 00			dta		'1/-1',0
Source: tmthpack.s
   370
   371 3452					_FDIV2	1, 2
Macro: _FDIV2 [Source: tmthpack.s]
     1 3452 20 01 47				jsr		LoadFR0
     1 345B 20 16 47				jsr		LoadFR1
     1 3464 20 8E 47				jsr		fdiv_chk
Source: tmthpack.s
Source: tmthpack.s
   372 3467					_ASFR0	0.5, '1/2'
Macro: _ASFR0 [Source: tmthpack.s]
     1 3467 20 44 48				jsr		AssertFR0
     3 3470 31 2F 32 00				dta		'1/2',0
Source: tmthpack.s
   373 						
   374 3474					_FDIV2	2, 0.5
Macro: _FDIV2 [Source: tmthpack.s]
     1 3474 20 01 47				jsr		LoadFR0
     1 347D 20 16 47				jsr		LoadFR1
     1 3486 20 8E 47				jsr		fdiv_chk
Source: tmthpack.s
Source: tmthpack.s
   375 3489					_ASFR0	4, '2/0.5'
Macro: _ASFR0 [Source: tmthpack.s]
     1 3489 20 44 48				jsr		AssertFR0
     3 3492 32 2F 30 2E 35 00			dta		'2/0.5',0
Source: tmthpack.s
   376 						
   377 3498					_FDIV2	100, 0.01
Macro: _FDIV2 [Source: tmthpack.s]
     1 3498 20 01 47				jsr		LoadFR0
     1 34A1 20 16 47				jsr		LoadFR1
     1 34AA 20 8E 47				jsr		fdiv_chk
Source: tmthpack.s
Source: tmthpack.s
   378 34AD					_ASFR0	10000, '100/0.01'
Macro: _ASFR0 [Source: tmthpack.s]
     1 34AD 20 44 48				jsr		AssertFR0
     3 34B6 31 30 30 2F 30 2E + 		dta		'100/0.01',0
Source: tmthpack.s
   379 						
   380 						;test overflow
   381 34BF					_FDIV2	1e+90, 1e-90
Macro: _FDIV2 [Source: tmthpack.s]
     1 34BF 20 01 47				jsr		LoadFR0
     1 34C8 20 16 47				jsr		LoadFR1
     1 34D1 20 8E 47				jsr		fdiv_chk
Source: tmthpack.s
Source: tmthpack.s
   382 34D4					_ASERR	'1e+90/1e-90'
Macro: _ASERR [Source: tmthpack.s]
     1 34D4 20 D0 48				jsr		AssertERR
     2 34D7 31 65 2B 39 30 2F + 		dta		'1e+90/1e-90',0
Source: tmthpack.s
   383 						
   384 						;Test underflow
   385 						;
   386 						;1E-64
   387 34E3					_FDIV2	1e-64, 1e+64
Macro: _FDIV2 [Source: tmthpack.s]
     1 34E3 20 01 47				jsr		LoadFR0
     1 34EC 20 16 47				jsr		LoadFR1
     1 34F5 20 8E 47				jsr		fdiv_chk
Source: tmthpack.s
Source: tmthpack.s
   388 34F8					_ASFR0	0, '1e-64/1e+64'
Macro: _ASFR0 [Source: tmthpack.s]
     1 34F8 20 44 48				jsr		AssertFR0
     3 3501 31 65 2D 36 34 2F + 		dta		'1e-64/1e+64',0
Source: tmthpack.s
   389
   390 350D					_FDIV2	1e-64, -1e+64
Macro: _FDIV2 [Source: tmthpack.s]
     1 350D 20 01 47				jsr		LoadFR0
     1 3516 20 16 47				jsr		LoadFR1
     1 351F 20 8E 47				jsr		fdiv_chk
Source: tmthpack.s
Source: tmthpack.s
   391 3522					_ASFR0	0, '1e-64/-1e+64'
Macro: _ASFR0 [Source: tmthpack.s]
     1 3522 20 44 48				jsr		AssertFR0
     3 352B 31 65 2D 36 34 2F + 		dta		'1e-64/-1e+64',0
Source: tmthpack.s
   392
   393 3538					_FDIV2	-1e-64, 1e+64
Macro: _FDIV2 [Source: tmthpack.s]
     1 3538 20 01 47				jsr		LoadFR0
     1 3541 20 16 47				jsr		LoadFR1
     1 354A 20 8E 47				jsr		fdiv_chk
Source: tmthpack.s
Source: tmthpack.s
   394 354D					_ASFR0	0, '-1e-64/1e+64'
Macro: _ASFR0 [Source: tmthpack.s]
     1 354D 20 44 48				jsr		AssertFR0
     3 3556 2D 31 65 2D 36 34 + 		dta		'-1e-64/1e+64',0
Source: tmthpack.s
   395
   396 3563					_FDIV2	-1e-64, -1e+64
Macro: _FDIV2 [Source: tmthpack.s]
     1 3563 20 01 47				jsr		LoadFR0
     1 356C 20 16 47				jsr		LoadFR1
     1 3575 20 8E 47				jsr		fdiv_chk
Source: tmthpack.s
Source: tmthpack.s
   397 3578					_ASFR0	0, '-1e-64/-1e+64'
Macro: _ASFR0 [Source: tmthpack.s]
     1 3578 20 44 48				jsr		AssertFR0
     3 3581 2D 31 65 2D 36 34 + 		dta		'-1e-64/-1e+64',0
Source: tmthpack.s
   398
   399 						;====================== log tests ======================
   400 358F					_FLOG1		1
Macro: _FLOG1 [Source: tmthpack.s]
     1 358F 20 01 47				jsr		LoadFR0
     1 3598 20 CD DE				jsr		log
Source: tmthpack.s
Source: tmthpack.s
   401 359B					_ASFR0R		-0.01, 0.01, 'log(1)'
Macro: _ASFR0R [Source: tmthpack.s]
     1 359B 20 A0 47				jsr		AssertFR0Range
     4 35AA 6C 6F 67 28 31 29 + 		dta		'log(1)',0
Source: tmthpack.s
   402
   403 						;====================== log10 tests ======================
   404 35B1					_FLOG101	1
Macro: _FLOG101 [Source: tmthpack.s]
     1 35B1 20 01 47				jsr		LoadFR0
     1 35BA 20 D1 DE				jsr		log10
Source: tmthpack.s
Source: tmthpack.s
   405 35BD					_ASFR0R		-0.01, 0.01, 'log10(1)'
Macro: _ASFR0R [Source: tmthpack.s]
     1 35BD 20 A0 47				jsr		AssertFR0Range
     4 35CC 6C 6F 67 31 30 28 + 		dta		'log10(1)',0
Source: tmthpack.s
   406
   407 35D5					_FLOG101	10
Macro: _FLOG101 [Source: tmthpack.s]
     1 35D5 20 01 47				jsr		LoadFR0
     1 35DE 20 D1 DE				jsr		log10
Source: tmthpack.s
Source: tmthpack.s
   408 35E1					_ASFR0		1, 'log10(10)'
Macro: _ASFR0 [Source: tmthpack.s]
     1 35E1 20 44 48				jsr		AssertFR0
     3 35EA 6C 6F 67 31 30 28 + 		dta		'log10(10)',0
Source: tmthpack.s
   409
   410 35F4					_FLOG101	100
Macro: _FLOG101 [Source: tmthpack.s]
     1 35F4 20 01 47				jsr		LoadFR0
     1 35FD 20 D1 DE				jsr		log10
Source: tmthpack.s
Source: tmthpack.s
   411 3600					_ASFR0		2, 'log10(100)'
Macro: _ASFR0 [Source: tmthpack.s]
     1 3600 20 44 48				jsr		AssertFR0
     3 3609 6C 6F 67 31 30 28 + 		dta		'log10(100)',0
Source: tmthpack.s
   412
   413 						;====================== exp tests ======================
   414 3614					_FEXP1		0
Macro: _FEXP1 [Source: tmthpack.s]
     1 3614 20 01 47				jsr		LoadFR0
     1 361D 20 C0 DD				jsr		exp
Source: tmthpack.s
Source: tmthpack.s
   415 3620					_ASFR0R		0.99, 1.01, 'exp(0)'
Macro: _ASFR0R [Source: tmthpack.s]
     1 3620 20 A0 47				jsr		AssertFR0Range
     4 362F 65 78 70 28 30 29 + 		dta		'exp(0)',0
Source: tmthpack.s
   416
   417 3636					_FEXP1		1
Macro: _FEXP1 [Source: tmthpack.s]
     1 3636 20 01 47				jsr		LoadFR0
     1 363F 20 C0 DD				jsr		exp
Source: tmthpack.s
Source: tmthpack.s
   418 3642					_ASFR0R		2.717, 2.719, 'exp(1)'
Macro: _ASFR0R [Source: tmthpack.s]
     1 3642 20 A0 47				jsr		AssertFR0Range
     4 3651 65 78 70 28 31 29 + 		dta		'exp(1)',0
Source: tmthpack.s
   419
   420 3658					_FEXP1		1.001
Macro: _FEXP1 [Source: tmthpack.s]
     1 3658 20 01 47				jsr		LoadFR0
     1 3661 20 C0 DD				jsr		exp
Source: tmthpack.s
Source: tmthpack.s
   421 3664					_ASFR0R		2.720, 2.722, 'exp(1.001)'
Macro: _ASFR0R [Source: tmthpack.s]
     1 3664 20 A0 47				jsr		AssertFR0Range
     4 3673 65 78 70 28 31 2E + 		dta		'exp(1.001)',0
Source: tmthpack.s
   422
   423 367E					_FEXP1		1.5
Macro: _FEXP1 [Source: tmthpack.s]
     1 367E 20 01 47				jsr		LoadFR0
     1 3687 20 C0 DD				jsr		exp
Source: tmthpack.s
Source: tmthpack.s
   424 368A					_ASFR0R		4.480, 4.482, 'exp(1.5)'
Macro: _ASFR0R [Source: tmthpack.s]
     1 368A 20 A0 47				jsr		AssertFR0Range
     4 3699 65 78 70 28 31 2E + 		dta		'exp(1.5)',0
Source: tmthpack.s
   425
   426 36A2					_FEXP1		-1
Macro: _FEXP1 [Source: tmthpack.s]
     1 36A2 20 01 47				jsr		LoadFR0
     1 36AB 20 C0 DD				jsr		exp
Source: tmthpack.s
Source: tmthpack.s
   427 36AE					_ASFR0R		0.367, 0.369, 'exp(-1)'
Macro: _ASFR0R [Source: tmthpack.s]
     1 36AE 20 A0 47				jsr		AssertFR0Range
     4 36BD 65 78 70 28 2D 31 + 		dta		'exp(-1)',0
Source: tmthpack.s
   428
   429 36C5					_FEXP1		231
Macro: _FEXP1 [Source: tmthpack.s]
     1 36C5 20 01 47				jsr		LoadFR0
     1 36CE 20 C0 DD				jsr		exp
Source: tmthpack.s
Source: tmthpack.s
   430 36D1					_ASERR		'exp(231)'
Macro: _ASERR [Source: tmthpack.s]
     1 36D1 20 D0 48				jsr		AssertERR
     2 36D4 65 78 70 28 32 33 + 		dta		'exp(231)',0
Source: tmthpack.s
   431
   432 36DD					_FEXP1		-231
Macro: _FEXP1 [Source: tmthpack.s]
     1 36DD 20 01 47				jsr		LoadFR0
     1 36E6 20 C0 DD				jsr		exp
Source: tmthpack.s
Source: tmthpack.s
   433 36E9					_ASFR0		0, 'exp(-231)'
Macro: _ASFR0 [Source: tmthpack.s]
     1 36E9 20 44 48				jsr		AssertFR0
     3 36F2 65 78 70 28 2D 32 + 		dta		'exp(-231)',0
Source: tmthpack.s
   434
   435 						;====================== exp10 tests ======================
   436 36FC					_FEXP101	0
Macro: _FEXP101 [Source: tmthpack.s]
     1 36FC 20 01 47				jsr		LoadFR0
     1 3705 20 CC DD				jsr		exp10
Source: tmthpack.s
Source: tmthpack.s
   437 3708					_ASFR0R		0.99, 1.01, 'exp10(0)'
Macro: _ASFR0R [Source: tmthpack.s]
     1 3708 20 A0 47				jsr		AssertFR0Range
     4 3717 65 78 70 31 30 28 + 		dta		'exp10(0)',0
Source: tmthpack.s
   438
   439 3720					_FEXP101	1
Macro: _FEXP101 [Source: tmthpack.s]
     1 3720 20 01 47				jsr		LoadFR0
     1 3729 20 CC DD				jsr		exp10
Source: tmthpack.s
Source: tmthpack.s
   440 372C					_ASFR0R		9.9, 10.1, 'exp10(1)'
Macro: _ASFR0R [Source: tmthpack.s]
     1 372C 20 A0 47				jsr		AssertFR0Range
     4 373B 65 78 70 31 30 28 + 		dta		'exp10(1)',0
Source: tmthpack.s
   441
   442 3744					_FEXP101	1.001
Macro: _FEXP101 [Source: tmthpack.s]
     1 3744 20 01 47				jsr		LoadFR0
     1 374D 20 CC DD				jsr		exp10
Source: tmthpack.s
Source: tmthpack.s
   443 3750					_ASFR0R		10.01, 10.03, 'exp10(1.001)'
Macro: _ASFR0R [Source: tmthpack.s]
     1 3750 20 A0 47				jsr		AssertFR0Range
     4 375F 65 78 70 31 30 28 + 		dta		'exp10(1.001)',0
Source: tmthpack.s
   444
   445 376C					_FEXP101	1.5
Macro: _FEXP101 [Source: tmthpack.s]
     1 376C 20 01 47				jsr		LoadFR0
     1 3775 20 CC DD				jsr		exp10
Source: tmthpack.s
Source: tmthpack.s
   446 3778					_ASFR0R		31.5, 31.7, 'exp10(1.5)'
Macro: _ASFR0R [Source: tmthpack.s]
     1 3778 20 A0 47				jsr		AssertFR0Range
     4 3787 65 78 70 31 30 28 + 		dta		'exp10(1.5)',0
Source: tmthpack.s
   447
   448 3792					_FEXP101	2
Macro: _FEXP101 [Source: tmthpack.s]
     1 3792 20 01 47				jsr		LoadFR0
     1 379B 20 CC DD				jsr		exp10
Source: tmthpack.s
Source: tmthpack.s
   449 379E					_ASFR0R		99, 101, 'exp10(2)'
Macro: _ASFR0R [Source: tmthpack.s]
     1 379E 20 A0 47				jsr		AssertFR0Range
     4 37AD 65 78 70 31 30 28 + 		dta		'exp10(2)',0
Source: tmthpack.s
   450
   451 37B6					_FEXP101	3
Macro: _FEXP101 [Source: tmthpack.s]
     1 37B6 20 01 47				jsr		LoadFR0
     1 37BF 20 CC DD				jsr		exp10
Source: tmthpack.s
Source: tmthpack.s
   452 37C2					_ASFR0R		990, 1010, 'exp10(3)'
Macro: _ASFR0R [Source: tmthpack.s]
     1 37C2 20 A0 47				jsr		AssertFR0Range
     4 37D1 65 78 70 31 30 28 + 		dta		'exp10(3)',0
Source: tmthpack.s
   453
   454 37DA					_FEXP101	-1
Macro: _FEXP101 [Source: tmthpack.s]
     1 37DA 20 01 47				jsr		LoadFR0
     1 37E3 20 CC DD				jsr		exp10
Source: tmthpack.s
Source: tmthpack.s
   455 37E6					_ASFR0R		0.09, 0.11, 'exp10(-1)'
Macro: _ASFR0R [Source: tmthpack.s]
     1 37E6 20 A0 47				jsr		AssertFR0Range
     4 37F5 65 78 70 31 30 28 + 		dta		'exp10(-1)',0
Source: tmthpack.s
   456
   457 37FF					_FEXP101	-2
Macro: _FEXP101 [Source: tmthpack.s]
     1 37FF 20 01 47				jsr		LoadFR0
     1 3808 20 CC DD				jsr		exp10
Source: tmthpack.s
Source: tmthpack.s
   458 380B					_ASFR0R		0.009, 0.011, 'exp10(-2)'
Macro: _ASFR0R [Source: tmthpack.s]
     1 380B 20 A0 47				jsr		AssertFR0Range
     4 381A 65 78 70 31 30 28 + 		dta		'exp10(-2)',0
Source: tmthpack.s
   459
   460 3824					_FEXP101	-3
Macro: _FEXP101 [Source: tmthpack.s]
     1 3824 20 01 47				jsr		LoadFR0
     1 382D 20 CC DD				jsr		exp10
Source: tmthpack.s
Source: tmthpack.s
   461 3830					_ASFR0R		0.0009, 0.0011, 'exp10(-3)'
Macro: _ASFR0R [Source: tmthpack.s]
     1 3830 20 A0 47				jsr		AssertFR0Range
     4 383F 65 78 70 31 30 28 + 		dta		'exp10(-3)',0
Source: tmthpack.s
   462
   463 3849					_FEXP101	97
Macro: _FEXP101 [Source: tmthpack.s]
     1 3849 20 01 47				jsr		LoadFR0
     1 3852 20 CC DD				jsr		exp10
Source: tmthpack.s
Source: tmthpack.s
   464 3855					_ASFR0R		9.9e+96, 1.01e+97, 'exp10(97)'
Macro: _ASFR0R [Source: tmthpack.s]
     1 3855 20 A0 47				jsr		AssertFR0Range
     4 3864 65 78 70 31 30 28 + 		dta		'exp10(97)',0
Source: tmthpack.s
   465
   466 						;Test disabled - math pack can produce 1e+98, just not parse it
   467 						;_FEXP101	98
   468 						;_ASERR		'exp10(98)'
   469
   470 386E					_FEXP101	100
Macro: _FEXP101 [Source: tmthpack.s]
     1 386E 20 01 47				jsr		LoadFR0
     1 3877 20 CC DD				jsr		exp10
Source: tmthpack.s
Source: tmthpack.s
   471 387A					_ASERR		'exp10(100)'
Macro: _ASERR [Source: tmthpack.s]
     1 387A 20 D0 48				jsr		AssertERR
     2 387D 65 78 70 31 30 28 + 		dta		'exp10(100)',0
Source: tmthpack.s
   472
   473 3888					_FEXP101	-96
Macro: _FEXP101 [Source: tmthpack.s]
     1 3888 20 01 47				jsr		LoadFR0
     1 3891 20 CC DD				jsr		exp10
Source: tmthpack.s
Source: tmthpack.s
   474 3894					_ASFR0		1e-96, 'exp10(-96)'
Macro: _ASFR0 [Source: tmthpack.s]
     1 3894 20 44 48				jsr		AssertFR0
     3 389D 65 78 70 31 30 28 + 		dta		'exp10(-96)',0
Source: tmthpack.s
   475
   476 38A8					_FEXP101	-99
Macro: _FEXP101 [Source: tmthpack.s]
     1 38A8 20 01 47				jsr		LoadFR0
     1 38B1 20 CC DD				jsr		exp10
Source: tmthpack.s
Source: tmthpack.s
   477 38B4					_ASFR0		0, 'exp10(-99)'
Macro: _ASFR0 [Source: tmthpack.s]
     1 38B4 20 44 48				jsr		AssertFR0
     3 38BD 65 78 70 31 30 28 + 		dta		'exp10(-99)',0
Source: tmthpack.s
   478
   479 						;====================== ipf tests ======================
   480 38C8					_FIFP1	0
Macro: _FIFP1 [Source: tmthpack.s]
     1 38C8 A9 00 85 D4 85 D5			mwa		#0 fr0
     1 38CE 20 AA D9				jsr		ipf
Source: tmthpack.s
Source: tmthpack.s
   481 38D1 18					clc
   482 38D2					_ASFR0	0, 'ipf(0)'
Macro: _ASFR0 [Source: tmthpack.s]
     1 38D2 20 44 48				jsr		AssertFR0
     3 38DB 69 70 66 28 30 29 + 		dta		'ipf(0)',0
Source: tmthpack.s
   483
   484 38E2					_FIFP1	65535
Macro: _FIFP1 [Source: tmthpack.s]
     1 38E2 A9 FF 85 D4 85 D5			mwa		#65535 fr0
     1 38E8 20 AA D9				jsr		ipf
Source: tmthpack.s
Source: tmthpack.s
   485 38EB 18					clc
   486 38EC					_ASFR0	65535, 'ipf(65535)'
Macro: _ASFR0 [Source: tmthpack.s]
     1 38EC 20 44 48				jsr		AssertFR0
     3 38F5 69 70 66 28 36 35 + 		dta		'ipf(65535)',0
Source: tmthpack.s
   487 						
   488 						;====================== fpi tests ======================
   489 3900					_FFPI1	0
Macro: _FFPI1 [Source: tmthpack.s]
     1 3900 20 01 47				jsr		LoadFR0
     1 3909 20 D2 D9				jsr		fpi
Source: tmthpack.s
Source: tmthpack.s
   490 390C					_FIFP
Macro: _FIFP [Source: tmthpack.s]
     1 390C 20 AA D9				jsr		ipf
Source: tmthpack.s
   491 390F					_ASFR0	0, 'fpi(0)'
Macro: _ASFR0 [Source: tmthpack.s]
     1 390F 20 44 48				jsr		AssertFR0
     3 3918 66 70 69 28 30 29 + 		dta		'fpi(0)',0
Source: tmthpack.s
   492
   493 391F					_FFPI1	0.1
Macro: _FFPI1 [Source: tmthpack.s]
     1 391F 20 01 47				jsr		LoadFR0
     1 3928 20 D2 D9				jsr		fpi
Source: tmthpack.s
Source: tmthpack.s
   494 392B					_FIFP
Macro: _FIFP [Source: tmthpack.s]
     1 392B 20 AA D9				jsr		ipf
Source: tmthpack.s
   495 392E					_ASFR0	0, 'fpi(0.1)'
Macro: _ASFR0 [Source: tmthpack.s]
     1 392E 20 44 48				jsr		AssertFR0
     3 3937 66 70 69 28 30 2E + 		dta		'fpi(0.1)',0
Source: tmthpack.s
   496
   497 						; >= 0.5 causes rounding up		
   498 3940					_FFPI1	0.5
Macro: _FFPI1 [Source: tmthpack.s]
     1 3940 20 01 47				jsr		LoadFR0
     1 3949 20 D2 D9				jsr		fpi
Source: tmthpack.s
Source: tmthpack.s
   499 394C					_FIFP
Macro: _FIFP [Source: tmthpack.s]
     1 394C 20 AA D9				jsr		ipf
Source: tmthpack.s
   500 394F					_ASFR0	1, 'fpi(0.5)'
Macro: _ASFR0 [Source: tmthpack.s]
     1 394F 20 44 48				jsr		AssertFR0
     3 3958 66 70 69 28 30 2E + 		dta		'fpi(0.5)',0
Source: tmthpack.s
   501 						
   502 3961					_FFPI1	0.9
Macro: _FFPI1 [Source: tmthpack.s]
     1 3961 20 01 47				jsr		LoadFR0
     1 396A 20 D2 D9				jsr		fpi
Source: tmthpack.s
Source: tmthpack.s
   503 396D					_FIFP
Macro: _FIFP [Source: tmthpack.s]
     1 396D 20 AA D9				jsr		ipf
Source: tmthpack.s
   504 3970					_ASFR0	1, 'fpi(0.9)'
Macro: _ASFR0 [Source: tmthpack.s]
     1 3970 20 44 48				jsr		AssertFR0
     3 3979 66 70 69 28 30 2E + 		dta		'fpi(0.9)',0
Source: tmthpack.s
   505
   506 3982					_FFPI1	76
Macro: _FFPI1 [Source: tmthpack.s]
     1 3982 20 01 47				jsr		LoadFR0
     1 398B 20 D2 D9				jsr		fpi
Source: tmthpack.s
Source: tmthpack.s
   507 398E					_FIFP
Macro: _FIFP [Source: tmthpack.s]
     1 398E 20 AA D9				jsr		ipf
Source: tmthpack.s
   508 3991					_ASFR0	76, 'fpi(76)'
Macro: _ASFR0 [Source: tmthpack.s]
     1 3991 20 44 48				jsr		AssertFR0
     3 399A 66 70 69 28 37 36 + 		dta		'fpi(76)',0
Source: tmthpack.s
   509
   510 39A2					_FFPI1	1234
Macro: _FFPI1 [Source: tmthpack.s]
     1 39A2 20 01 47				jsr		LoadFR0
     1 39AB 20 D2 D9				jsr		fpi
Source: tmthpack.s
Source: tmthpack.s
   511 39AE					_FIFP
Macro: _FIFP [Source: tmthpack.s]
     1 39AE 20 AA D9				jsr		ipf
Source: tmthpack.s
   512 39B1					_ASFR0	1234, 'fpi(1234)'
Macro: _ASFR0 [Source: tmthpack.s]
     1 39B1 20 44 48				jsr		AssertFR0
     3 39BA 66 70 69 28 31 32 + 		dta		'fpi(1234)',0
Source: tmthpack.s
   513 						
   514 39C4					_FFPI1	21420
Macro: _FFPI1 [Source: tmthpack.s]
     1 39C4 20 01 47				jsr		LoadFR0
     1 39CD 20 D2 D9				jsr		fpi
Source: tmthpack.s
Source: tmthpack.s
   515 39D0					_FIFP
Macro: _FIFP [Source: tmthpack.s]
     1 39D0 20 AA D9				jsr		ipf
Source: tmthpack.s
   516 39D3					_ASFR0	21420, 'fpi(21420)'
Macro: _ASFR0 [Source: tmthpack.s]
     1 39D3 20 44 48				jsr		AssertFR0
     3 39DC 66 70 69 28 32 31 + 		dta		'fpi(21420)',0
Source: tmthpack.s
   517 						
   518 39E7					_FFPI1	65535.4
Macro: _FFPI1 [Source: tmthpack.s]
     1 39E7 20 01 47				jsr		LoadFR0
     1 39F0 20 D2 D9				jsr		fpi
Source: tmthpack.s
Source: tmthpack.s
   519 39F3					_FIFP
Macro: _FIFP [Source: tmthpack.s]
     1 39F3 20 AA D9				jsr		ipf
Source: tmthpack.s
   520 39F6					_ASFR0	65535, 'fpi(65535.4)'
Macro: _ASFR0 [Source: tmthpack.s]
     1 39F6 20 44 48				jsr		AssertFR0
     3 39FF 66 70 69 28 36 35 + 		dta		'fpi(65535.4)',0
Source: tmthpack.s
   521 								
   522 						; negative number -- should fail
   523 3A0C					_FFPI1	-0.1
Macro: _FFPI1 [Source: tmthpack.s]
     1 3A0C 20 01 47				jsr		LoadFR0
     1 3A15 20 D2 D9				jsr		fpi
Source: tmthpack.s
Source: tmthpack.s
   524 3A18					_ASERR	'fpi(-0.1)'
Macro: _ASERR [Source: tmthpack.s]
     1 3A18 20 D0 48				jsr		AssertERR
     2 3A1B 66 70 69 28 2D 30 + 		dta		'fpi(-0.1)',0
Source: tmthpack.s
   525 						
   526 						; Atari precisely specified in its OS Manual that FPI is supposed to
   527 						; give an error for FR0 >= 65535.5. That assumes their implementation
   528 						; actually follows the spec, which it doesn't -- it gives 0 for values
   529 						; between 65535.5 and 65536.
   530 3A25					_FFPI1	65536
Macro: _FFPI1 [Source: tmthpack.s]
     1 3A25 20 01 47				jsr		LoadFR0
     1 3A2E 20 D2 D9				jsr		fpi
Source: tmthpack.s
Source: tmthpack.s
   531 3A31					_ASERR	'fpi(65536)'
Macro: _ASERR [Source: tmthpack.s]
     1 3A31 20 D0 48				jsr		AssertERR
     2 3A34 66 70 69 28 36 35 + 		dta		'fpi(65536)',0
Source: tmthpack.s
   532
   533 3A3F					_FFPI1	1000000
Macro: _FFPI1 [Source: tmthpack.s]
     1 3A3F 20 01 47				jsr		LoadFR0
     1 3A48 20 D2 D9				jsr		fpi
Source: tmthpack.s
Source: tmthpack.s
   534 3A4B					_ASERR	'fpi(100000)'
Macro: _ASERR [Source: tmthpack.s]
     1 3A4B 20 D0 48				jsr		AssertERR
     2 3A4E 66 70 69 28 31 30 + 		dta		'fpi(100000)',0
Source: tmthpack.s
   535 						
   536 						;====================== fasc tests ======================
   537 3A5A					_TEST_FASC	0, '0'
Macro: _TEST_FASC [Source: tmthpack.s]
     1 3A5A 20 61 49				jsr		TestFASC
     3 3A63 30 00				dta		'0',0
Source: tmthpack.s
   538 3A65					_TEST_FASC	0.1, '0.1'
Macro: _TEST_FASC [Source: tmthpack.s]
     1 3A65 20 61 49				jsr		TestFASC
     3 3A6E 30 2E 31 00				dta		'0.1',0
Source: tmthpack.s
   539 3A72					_TEST_FASC	0.01, '0.01'
Macro: _TEST_FASC [Source: tmthpack.s]
     1 3A72 20 61 49				jsr		TestFASC
     3 3A7B 30 2E 30 31 00			dta		'0.01',0
Source: tmthpack.s
   540 3A80					_TEST_FASC	0.001, '1.0E-03'
Macro: _TEST_FASC [Source: tmthpack.s]
     1 3A80 20 61 49				jsr		TestFASC
     3 3A89 31 2E 30 45 2D 30 + 		dta		'1.0E-03',0
Source: tmthpack.s
   541 3A91					_TEST_FASC	0.0001, '1E-04'
Macro: _TEST_FASC [Source: tmthpack.s]
     1 3A91 20 61 49				jsr		TestFASC
     3 3A9A 31 45 2D 30 34 00			dta		'1E-04',0
Source: tmthpack.s
   542 3AA0					_TEST_FASC	0.00001, '1.0E-05'
Macro: _TEST_FASC [Source: tmthpack.s]
     1 3AA0 20 61 49				jsr		TestFASC
     3 3AA9 31 2E 30 45 2D 30 + 		dta		'1.0E-05',0
Source: tmthpack.s
   543 3AB1					_TEST_FASC	0.000001, '1E-06'
Macro: _TEST_FASC [Source: tmthpack.s]
     1 3AB1 20 61 49				jsr		TestFASC
     3 3ABA 31 45 2D 30 36 00			dta		'1E-06',0
Source: tmthpack.s
   544 3AC0					_TEST_FASC	0.19, '0.19'
Macro: _TEST_FASC [Source: tmthpack.s]
     1 3AC0 20 61 49				jsr		TestFASC
     3 3AC9 30 2E 31 39 00			dta		'0.19',0
Source: tmthpack.s
   545 3ACE					_TEST_FASC	0.019, '0.019'
Macro: _TEST_FASC [Source: tmthpack.s]
     1 3ACE 20 61 49				jsr		TestFASC
     3 3AD7 30 2E 30 31 39 00			dta		'0.019',0
Source: tmthpack.s
   546 3ADD					_TEST_FASC	0.0019, '1.9E-03'
Macro: _TEST_FASC [Source: tmthpack.s]
     1 3ADD 20 61 49				jsr		TestFASC
     3 3AE6 31 2E 39 45 2D 30 + 		dta		'1.9E-03',0
Source: tmthpack.s
   547 3AEE					_TEST_FASC	0.00019, '1.9E-04'
Macro: _TEST_FASC [Source: tmthpack.s]
     1 3AEE 20 61 49				jsr		TestFASC
     3 3AF7 31 2E 39 45 2D 30 + 		dta		'1.9E-04',0
Source: tmthpack.s
   548 3AFF					_TEST_FASC	0.000019, '1.9E-05'
Macro: _TEST_FASC [Source: tmthpack.s]
     1 3AFF 20 61 49				jsr		TestFASC
     3 3B08 31 2E 39 45 2D 30 + 		dta		'1.9E-05',0
Source: tmthpack.s
   549 3B10					_TEST_FASC	0.0000019, '1.9E-06'
Macro: _TEST_FASC [Source: tmthpack.s]
     1 3B10 20 61 49				jsr		TestFASC
     3 3B19 31 2E 39 45 2D 30 + 		dta		'1.9E-06',0
Source: tmthpack.s
   550 3B21					_TEST_FASC	1, '1'
Macro: _TEST_FASC [Source: tmthpack.s]
     1 3B21 20 61 49				jsr		TestFASC
     3 3B2A 31 00				dta		'1',0
Source: tmthpack.s
   551 3B2C					_TEST_FASC	10, '10'
Macro: _TEST_FASC [Source: tmthpack.s]
     1 3B2C 20 61 49				jsr		TestFASC
     3 3B35 31 30 00				dta		'10',0
Source: tmthpack.s
   552 3B38					_TEST_FASC	100, '100'
Macro: _TEST_FASC [Source: tmthpack.s]
     1 3B38 20 61 49				jsr		TestFASC
     3 3B41 31 30 30 00				dta		'100',0
Source: tmthpack.s
   553 3B45					_TEST_FASC	1000, '1000'
Macro: _TEST_FASC [Source: tmthpack.s]
     1 3B45 20 61 49				jsr		TestFASC
     3 3B4E 31 30 30 30 00			dta		'1000',0
Source: tmthpack.s
   554 3B53					_TEST_FASC	10000, '10000'
Macro: _TEST_FASC [Source: tmthpack.s]
     1 3B53 20 61 49				jsr		TestFASC
     3 3B5C 31 30 30 30 30 00			dta		'10000',0
Source: tmthpack.s
   555 3B62					_TEST_FASC	100000, '100000'
Macro: _TEST_FASC [Source: tmthpack.s]
     1 3B62 20 61 49				jsr		TestFASC
     3 3B6B 31 30 30 30 30 30 + 		dta		'100000',0
Source: tmthpack.s
   556 3B72					_TEST_FASC	1000000, '1000000'
Macro: _TEST_FASC [Source: tmthpack.s]
     1 3B72 20 61 49				jsr		TestFASC
     3 3B7B 31 30 30 30 30 30 + 		dta		'1000000',0
Source: tmthpack.s
   557 3B83					_TEST_FASC	10000000, '10000000'
Macro: _TEST_FASC [Source: tmthpack.s]
     1 3B83 20 61 49				jsr		TestFASC
     3 3B8C 31 30 30 30 30 30 + 		dta		'10000000',0
Source: tmthpack.s
   558 3B95					_TEST_FASC	100000000, '100000000'
Macro: _TEST_FASC [Source: tmthpack.s]
     1 3B95 20 61 49				jsr		TestFASC
     3 3B9E 31 30 30 30 30 30 + 		dta		'100000000',0
Source: tmthpack.s
   559 3BA8					_TEST_FASC	1000000000, '1000000000'
Macro: _TEST_FASC [Source: tmthpack.s]
     1 3BA8 20 61 49				jsr		TestFASC
     3 3BB1 31 30 30 30 30 30 + 		dta		'1000000000',0
Source: tmthpack.s
   560 3BBC					_TEST_FASC	10000000000, '1E+10'
Macro: _TEST_FASC [Source: tmthpack.s]
     1 3BBC 20 61 49				jsr		TestFASC
     3 3BC5 31 45 2B 31 30 00			dta		'1E+10',0
Source: tmthpack.s
   561 						
   562 						;test decimals
   563 3BCB					_TEST_FASC	1.1, '1.1'
Macro: _TEST_FASC [Source: tmthpack.s]
     1 3BCB 20 61 49				jsr		TestFASC
     3 3BD4 31 2E 31 00				dta		'1.1',0
Source: tmthpack.s
   564 3BD8					_TEST_FASC	1.12, '1.12'
Macro: _TEST_FASC [Source: tmthpack.s]
     1 3BD8 20 61 49				jsr		TestFASC
     3 3BE1 31 2E 31 32 00			dta		'1.12',0
Source: tmthpack.s
   565 3BE6					_TEST_FASC	1.123, '1.123'
Macro: _TEST_FASC [Source: tmthpack.s]
     1 3BE6 20 61 49				jsr		TestFASC
     3 3BEF 31 2E 31 32 33 00			dta		'1.123',0
Source: tmthpack.s
   566 3BF5					_TEST_FASC	1.1234, '1.1234'
Macro: _TEST_FASC [Source: tmthpack.s]
     1 3BF5 20 61 49				jsr		TestFASC
     3 3BFE 31 2E 31 32 33 34 + 		dta		'1.1234',0
Source: tmthpack.s
   567 						
   568 						;test negatives
   569 3C05					_TEST_FASC	-1, '-1'
Macro: _TEST_FASC [Source: tmthpack.s]
     1 3C05 20 61 49				jsr		TestFASC
     3 3C0E 2D 31 00				dta		'-1',0
Source: tmthpack.s
   570 3C11					_TEST_FASC	-0.1, '-0.1'
Macro: _TEST_FASC [Source: tmthpack.s]
     1 3C11 20 61 49				jsr		TestFASC
     3 3C1A 2D 30 2E 31 00			dta		'-0.1',0
Source: tmthpack.s
   571 3C1F					_TEST_FASC	-0.01, '-0.01'
Macro: _TEST_FASC [Source: tmthpack.s]
     1 3C1F 20 61 49				jsr		TestFASC
     3 3C28 2D 30 2E 30 31 00			dta		'-0.01',0
Source: tmthpack.s
   572 3C2E					_TEST_FASC	-0.001, '-1.0E-03'
Macro: _TEST_FASC [Source: tmthpack.s]
     1 3C2E 20 61 49				jsr		TestFASC
     3 3C37 2D 31 2E 30 45 2D + 		dta		'-1.0E-03',0
Source: tmthpack.s
   573 3C40					_TEST_FASC	-0.0001, '-1E-04'
Macro: _TEST_FASC [Source: tmthpack.s]
     1 3C40 20 61 49				jsr		TestFASC
     3 3C49 2D 31 45 2D 30 34 + 		dta		'-1E-04',0
Source: tmthpack.s
   574 3C50					_TEST_FASC	-0.00001, '-1.0E-05'
Macro: _TEST_FASC [Source: tmthpack.s]
     1 3C50 20 61 49				jsr		TestFASC
     3 3C59 2D 31 2E 30 45 2D + 		dta		'-1.0E-05',0
Source: tmthpack.s
   575 3C62					_TEST_FASC	-0.000001, '-1E-06'
Macro: _TEST_FASC [Source: tmthpack.s]
     1 3C62 20 61 49				jsr		TestFASC
     3 3C6B 2D 31 45 2D 30 36 + 		dta		'-1E-06',0
Source: tmthpack.s
   576 3C72					_TEST_FASC	-0.19, '-0.19'
Macro: _TEST_FASC [Source: tmthpack.s]
     1 3C72 20 61 49				jsr		TestFASC
     3 3C7B 2D 30 2E 31 39 00			dta		'-0.19',0
Source: tmthpack.s
   577 3C81					_TEST_FASC	-0.019, '-0.019'
Macro: _TEST_FASC [Source: tmthpack.s]
     1 3C81 20 61 49				jsr		TestFASC
     3 3C8A 2D 30 2E 30 31 39 + 		dta		'-0.019',0
Source: tmthpack.s
   578 3C91					_TEST_FASC	-0.0019, '-1.9E-03'
Macro: _TEST_FASC [Source: tmthpack.s]
     1 3C91 20 61 49				jsr		TestFASC
     3 3C9A 2D 31 2E 39 45 2D + 		dta		'-1.9E-03',0
Source: tmthpack.s
   579 3CA3					_TEST_FASC	-0.00019, '-1.9E-04'
Macro: _TEST_FASC [Source: tmthpack.s]
     1 3CA3 20 61 49				jsr		TestFASC
     3 3CAC 2D 31 2E 39 45 2D + 		dta		'-1.9E-04',0
Source: tmthpack.s
   580 3CB5					_TEST_FASC	-0.000019, '-1.9E-05'
Macro: _TEST_FASC [Source: tmthpack.s]
     1 3CB5 20 61 49				jsr		TestFASC
     3 3CBE 2D 31 2E 39 45 2D + 		dta		'-1.9E-05',0
Source: tmthpack.s
   581 3CC7					_TEST_FASC	-0.0000019, '-1.9E-06'
Macro: _TEST_FASC [Source: tmthpack.s]
     1 3CC7 20 61 49				jsr		TestFASC
     3 3CD0 2D 31 2E 39 45 2D + 		dta		'-1.9E-06',0
Source: tmthpack.s
   582 						
   583 						;test full conversion precision, non-exponential
   584 3CD9					_TEST_FASC	12.34567812, '12.34567812'
Macro: _TEST_FASC [Source: tmthpack.s]
     1 3CD9 20 61 49				jsr		TestFASC
     3 3CE2 31 32 2E 33 34 35 + 		dta		'12.34567812',0
Source: tmthpack.s
   585 						
   586 						;test full conversion precision, exponential
   587 3CEE					_TEST_FASC	-0.001234567812, '-1.234567812E-03'
Macro: _TEST_FASC [Source: tmthpack.s]
     1 3CEE 20 61 49				jsr		TestFASC
     3 3CF7 2D 31 2E 32 33 34 + 		dta		'-1.234567812E-03',0
Source: tmthpack.s
   588 3D08					_TEST_FASC	-0.0001234567812, '-1.23456781E-04'
Macro: _TEST_FASC [Source: tmthpack.s]
     1 3D08 20 61 49				jsr		TestFASC
     3 3D11 2D 31 2E 32 33 34 + 		dta		'-1.23456781E-04',0
Source: tmthpack.s
   589 3D21					_TEST_FASC	-0.00001234567812, '-1.234567812E-05'
Macro: _TEST_FASC [Source: tmthpack.s]
     1 3D21 20 61 49				jsr		TestFASC
     3 3D2A 2D 31 2E 32 33 34 + 		dta		'-1.234567812E-05',0
Source: tmthpack.s
   590 3D3B					_TEST_FASC	-0.000001234567812, '-1.23456781E-06'
Macro: _TEST_FASC [Source: tmthpack.s]
     1 3D3B 20 61 49				jsr		TestFASC
     3 3D44 2D 31 2E 32 33 34 + 		dta		'-1.23456781E-06',0
Source: tmthpack.s
   591
   592 3D54					_TEST_FASC	-12345678100, '-1.23456781E+10'
Macro: _TEST_FASC [Source: tmthpack.s]
     1 3D54 20 61 49				jsr		TestFASC
     3 3D5D 2D 31 2E 32 33 34 + 		dta		'-1.23456781E+10',0
Source: tmthpack.s
   593 3D6D					_TEST_FASC	-123456781200, '-1.234567812E+11'
Macro: _TEST_FASC [Source: tmthpack.s]
     1 3D6D 20 61 49				jsr		TestFASC
     3 3D76 2D 31 2E 32 33 34 + 		dta		'-1.234567812E+11',0
Source: tmthpack.s
   594 3D87					_TEST_FASC	-1234567810000, '-1.23456781E+12'
Macro: _TEST_FASC [Source: tmthpack.s]
     1 3D87 20 61 49				jsr		TestFASC
     3 3D90 2D 31 2E 32 33 34 + 		dta		'-1.23456781E+12',0
Source: tmthpack.s
   595 3DA0					_TEST_FASC	-12345678120000, '-1.234567812E+13'
Macro: _TEST_FASC [Source: tmthpack.s]
     1 3DA0 20 61 49				jsr		TestFASC
     3 3DA9 2D 31 2E 32 33 34 + 		dta		'-1.234567812E+13',0
Source: tmthpack.s
   596 						
   597 						;====================== afp tests ======================
   598 3DBA A9 B3 85 F3 A9 46 + 		mwa		#afp_test1 inbuff
   599 3DC2 A9 00 85 F2				mva		#0 cix
   600 3DC6					_ZFR0
Macro: _ZFR0 [Source: tmthpack.s]
     1 3DC6 20 44 DA				jsr		zfr0
Source: tmthpack.s
   601 3DC9 20 00 D8				jsr		afp
   602 3DCC					_ASERR	'afp("")'
Macro: _ASERR [Source: tmthpack.s]
     1 3DCC 20 D0 48				jsr		AssertERR
     2 3DCF 61 66 70 28 22 22 + 		dta		'afp("")',0
Source: tmthpack.s
   603 						
   604 3DD7					_LDSTR	'0'
Macro: _LDSTR [Source: tmthpack.s]
     1 3DD7 20 32 47				jsr		LoadString
     2 3DDA 30 80				dta		'0',$80
Source: tmthpack.s
   605 3DDC 20 00 D8				jsr		afp
   606 3DDF					_ASFR0	0, 'afp("0")'
Macro: _ASFR0 [Source: tmthpack.s]
     1 3DDF 20 44 48				jsr		AssertFR0
     3 3DE8 61 66 70 28 22 30 + 		dta		'afp("0")',0
Source: tmthpack.s
   607 3DF1 A5 F2				lda		cix
   608 3DF3					_ASA	2, 'afp("0")-CIX'
Macro: _ASA [Source: tmthpack.s]
     1 3DF3 A2 02				ldx		#2
     2 3DF5 20 2C 49				jsr		AssertA
     3 3DF8 61 66 70 28 22 30 + 		dta		'afp("0")-CIX',0
Source: tmthpack.s
   609 						
   610 3E05 A9 B0 85 F3 A9 46 + 		mwa		#afp_test2 inbuff
   611 3E0D A9 00 85 F2				mva		#0 cix
   612 3E11					_ZFR0
Macro: _ZFR0 [Source: tmthpack.s]
     1 3E11 20 44 DA				jsr		zfr0
Source: tmthpack.s
   613 3E14 20 00 D8				jsr		afp
   614 3E17					_ASFR0	100, 'afp("100")'
Macro: _ASFR0 [Source: tmthpack.s]
     1 3E17 20 44 48				jsr		AssertFR0
     3 3E20 61 66 70 28 22 31 + 		dta		'afp("100")',0
Source: tmthpack.s
   615 3E2B A5 F2				lda		cix
   616 3E2D					_ASA	3, 'afp("100")-CIX'
Macro: _ASA [Source: tmthpack.s]
     1 3E2D A2 03				ldx		#3
     2 3E2F 20 2C 49				jsr		AssertA
     3 3E32 61 66 70 28 22 31 + 		dta		'afp("100")-CIX',0
Source: tmthpack.s
   617
   618 3E41 A9 AF 85 F3 A9 46 + 		mwa		#afp_test3 inbuff
   619 3E49 A9 00 85 F2				mva		#0 cix
   620 3E4D					_ZFR0
Macro: _ZFR0 [Source: tmthpack.s]
     1 3E4D 20 44 DA				jsr		zfr0
Source: tmthpack.s
   621 3E50 20 00 D8				jsr		afp
   622 3E53					_ASFR0	100, 'afp(" 100")'
Macro: _ASFR0 [Source: tmthpack.s]
     1 3E53 20 44 48				jsr		AssertFR0
     3 3E5C 61 66 70 28 22 20 + 		dta		'afp(" 100")',0
Source: tmthpack.s
   623 3E68 A5 F2				lda		cix
   624 3E6A					_ASA	4, 'afp(" 100")-CIX'
Macro: _ASA [Source: tmthpack.s]
     1 3E6A A2 04				ldx		#4
     2 3E6C 20 2C 49				jsr		AssertA
     3 3E6F 61 66 70 28 22 20 + 		dta		'afp(" 100")-CIX',0
Source: tmthpack.s
   625
   626 3E7F A9 AC 85 F3 A9 46 + 		mwa		#afp_test4 inbuff
   627 3E87 A9 00 85 F2				mva		#0 cix
   628 3E8B					_ZFR0
Macro: _ZFR0 [Source: tmthpack.s]
     1 3E8B 20 44 DA				jsr		zfr0
Source: tmthpack.s
   629 3E8E 20 00 D8				jsr		afp
   630 3E91					_ASFR0	-20, 'afp("-20 100")'
Macro: _ASFR0 [Source: tmthpack.s]
     1 3E91 20 44 48				jsr		AssertFR0
     3 3E9A 61 66 70 28 22 2D + 		dta		'afp("-20 100")',0
Source: tmthpack.s
   631 3EA9 A5 F2				lda		cix
   632 3EAB					_ASA	3, 'afp("-20 100")-CIX'
Macro: _ASA [Source: tmthpack.s]
     1 3EAB A2 03				ldx		#3
     2 3EAD 20 2C 49				jsr		AssertA
     3 3EB0 61 66 70 28 22 2D + 		dta		'afp("-20 100")-CIX',0
Source: tmthpack.s
   633
   634 3EC3 A9 AC 85 F3 A9 46 + 		mwa		#afp_test4 inbuff
   635 3ECB A9 04 85 F2				mva		#4 cix
   636 3ECF					_ZFR0
Macro: _ZFR0 [Source: tmthpack.s]
     1 3ECF 20 44 DA				jsr		zfr0
Source: tmthpack.s
   637 3ED2 20 00 D8				jsr		afp
   638 3ED5					_ASFR0	100, 'afp("-20 100") #2'
Macro: _ASFR0 [Source: tmthpack.s]
     1 3ED5 20 44 48				jsr		AssertFR0
     3 3EDE 61 66 70 28 22 2D + 		dta		'afp("-20 100") #2',0
Source: tmthpack.s
   639 3EF0 A5 F2				lda		cix
   640 3EF2					_ASA	7, 'afp("-20 100")-CIX #2'
Macro: _ASA [Source: tmthpack.s]
     1 3EF2 A2 07				ldx		#7
     2 3EF4 20 2C 49				jsr		AssertA
     3 3EF7 61 66 70 28 22 2D + 		dta		'afp("-20 100")-CIX #2',0
Source: tmthpack.s
   641
   642 3F0D A9 B4 85 F3 A9 46 + 		mwa		#afp_test5 inbuff
   643 3F15 A9 00 85 F2				mva		#0 cix
   644 3F19					_ZFR0
Macro: _ZFR0 [Source: tmthpack.s]
     1 3F19 20 44 DA				jsr		zfr0
Source: tmthpack.s
   645 3F1C 20 00 D8				jsr		afp
   646 3F1F					_ASFR0	100, 'afp("0100")'
Macro: _ASFR0 [Source: tmthpack.s]
     1 3F1F 20 44 48				jsr		AssertFR0
     3 3F28 61 66 70 28 22 30 + 		dta		'afp("0100")',0
Source: tmthpack.s
   647 3F34 A5 F2				lda		cix
   648 3F36					_ASA	4, 'afp("0100")-CIX'
Macro: _ASA [Source: tmthpack.s]
     1 3F36 A2 04				ldx		#4
     2 3F38 20 2C 49				jsr		AssertA
     3 3F3B 61 66 70 28 22 30 + 		dta		'afp("0100")-CIX',0
Source: tmthpack.s
   649 						
   650 						;leading spaces are allowed and consumed
   651 3F4B					_LDSTR	'  945'
Macro: _LDSTR [Source: tmthpack.s]
     1 3F4B 20 32 47				jsr		LoadString
     2 3F4E 20 20 39 34 35 80			dta		'  945',$80
Source: tmthpack.s
   652 3F54 20 00 D8				jsr		afp
   653 3F57					_ASFR0	945, 'afp("  945")'
Macro: _ASFR0 [Source: tmthpack.s]
     1 3F57 20 44 48				jsr		AssertFR0
     3 3F60 61 66 70 28 22 20 + 		dta		'afp("  945")',0
Source: tmthpack.s
   654 3F6D A5 F2				lda		cix
   655 3F6F					_ASA	6, 'afp("  945")-CIX'
Macro: _ASA [Source: tmthpack.s]
     1 3F6F A2 06				ldx		#6
     2 3F71 20 2C 49				jsr		AssertA
     3 3F74 61 66 70 28 22 20 + 		dta		'afp("  945")-CIX',0
Source: tmthpack.s
   656 						
   657 						;leading period is allowed and consumed
   658 3F85					_LDSTR	'.130'
Macro: _LDSTR [Source: tmthpack.s]
     1 3F85 20 32 47				jsr		LoadString
     2 3F88 2E 31 33 30 80			dta		'.130',$80
Source: tmthpack.s
   659 3F8D 20 00 D8				jsr		afp
   660 3F90					_ASFR0	0.130, 'afp(".130")'
Macro: _ASFR0 [Source: tmthpack.s]
     1 3F90 20 44 48				jsr		AssertFR0
     3 3F99 61 66 70 28 22 2E + 		dta		'afp(".130")',0
Source: tmthpack.s
   661 3FA5 A5 F2				lda		cix
   662 3FA7					_ASA	5, 'afp(".130")-CIX'
Macro: _ASA [Source: tmthpack.s]
     1 3FA7 A2 05				ldx		#5
     2 3FA9 20 2C 49				jsr		AssertA
     3 3FAC 61 66 70 28 22 2E + 		dta		'afp(".130")-CIX',0
Source: tmthpack.s
   663 						
   664 						;trailing period is allowed and consumed
   665 3FBC					_LDSTR	'123.'
Macro: _LDSTR [Source: tmthpack.s]
     1 3FBC 20 32 47				jsr		LoadString
     2 3FBF 31 32 33 2E 80			dta		'123.',$80
Source: tmthpack.s
   666 3FC4 20 00 D8				jsr		afp
   667 3FC7					_ASFR0	123, 'afp("123.")'
Macro: _ASFR0 [Source: tmthpack.s]
     1 3FC7 20 44 48				jsr		AssertFR0
     3 3FD0 61 66 70 28 22 31 + 		dta		'afp("123.")',0
Source: tmthpack.s
   668 3FDC A5 F2				lda		cix
   669 3FDE					_ASA	5, 'afp("123.")-CIX'
Macro: _ASA [Source: tmthpack.s]
     1 3FDE A2 05				ldx		#5
     2 3FE0 20 2C 49				jsr		AssertA
     3 3FE3 61 66 70 28 22 31 + 		dta		'afp("123.")-CIX',0
Source: tmthpack.s
   670
   671 						;a second trailing period is allowed but not consumed
   672 3FF3					_LDSTR	'123..'
Macro: _LDSTR [Source: tmthpack.s]
     1 3FF3 20 32 47				jsr		LoadString
     2 3FF6 31 32 33 2E 2E 80			dta		'123..',$80
Source: tmthpack.s
   673 3FFC 20 00 D8				jsr		afp
   674 3FFF					_ASFR0	123, 'afp("123..")'
Macro: _ASFR0 [Source: tmthpack.s]
     1 3FFF 20 44 48				jsr		AssertFR0
     3 4008 61 66 70 28 22 31 + 		dta		'afp("123..")',0
Source: tmthpack.s
   675 4015 A5 F2				lda		cix
   676 4017					_ASA	5, 'afp("123..")-CIX'
Macro: _ASA [Source: tmthpack.s]
     1 4017 A2 05				ldx		#5
     2 4019 20 2C 49				jsr		AssertA
     3 401C 61 66 70 28 22 31 + 		dta		'afp("123..")-CIX',0
Source: tmthpack.s
   677
   678 						;leading plus is allowed and consumed
   679 402D					_LDSTR	'+12'
Macro: _LDSTR [Source: tmthpack.s]
     1 402D 20 32 47				jsr		LoadString
     2 4030 2B 31 32 80				dta		'+12',$80
Source: tmthpack.s
   680 4034 20 00 D8				jsr		afp
   681 4037					_ASFR0	12, 'afp("+12")'
Macro: _ASFR0 [Source: tmthpack.s]
     1 4037 20 44 48				jsr		AssertFR0
     3 4040 61 66 70 28 22 2B + 		dta		'afp("+12")',0
Source: tmthpack.s
   682 404B A5 F2				lda		cix
   683 404D					_ASA	4, 'afp("+12")-CIX'
Macro: _ASA [Source: tmthpack.s]
     1 404D A2 04				ldx		#4
     2 404F 20 2C 49				jsr		AssertA
     3 4052 61 66 70 28 22 2B + 		dta		'afp("+12")-CIX',0
Source: tmthpack.s
   684 						
   685 						;0. and .0 are allowed
   686 4061					_LDSTR	'0.'
Macro: _LDSTR [Source: tmthpack.s]
     1 4061 20 32 47				jsr		LoadString
     2 4064 30 2E 80				dta		'0.',$80
Source: tmthpack.s
   687 4067 20 00 D8				jsr		afp
   688 406A					_ASFR0	0, 'afp("0.")'
Macro: _ASFR0 [Source: tmthpack.s]
     1 406A 20 44 48				jsr		AssertFR0
     3 4073 61 66 70 28 22 30 + 		dta		'afp("0.")',0
Source: tmthpack.s
   689 407D A5 F2				lda		cix
   690 407F					_ASA	3, 'afp("0.")-CIX'
Macro: _ASA [Source: tmthpack.s]
     1 407F A2 03				ldx		#3
     2 4081 20 2C 49				jsr		AssertA
     3 4084 61 66 70 28 22 30 + 		dta		'afp("0.")-CIX',0
Source: tmthpack.s
   691
   692 4092					_LDSTR	'.0'
Macro: _LDSTR [Source: tmthpack.s]
     1 4092 20 32 47				jsr		LoadString
     2 4095 2E 30 80				dta		'.0',$80
Source: tmthpack.s
   693 4098 20 00 D8				jsr		afp
   694 409B					_ASFR0	0, 'afp(".0")'
Macro: _ASFR0 [Source: tmthpack.s]
     1 409B 20 44 48				jsr		AssertFR0
     3 40A4 61 66 70 28 22 2E + 		dta		'afp(".0")',0
Source: tmthpack.s
   695 40AE A5 F2				lda		cix
   696 40B0					_ASA	3, 'afp(".0")-CIX'
Macro: _ASA [Source: tmthpack.s]
     1 40B0 A2 03				ldx		#3
     2 40B2 20 2C 49				jsr		AssertA
     3 40B5 61 66 70 28 22 2E + 		dta		'afp(".0")-CIX',0
Source: tmthpack.s
   697
   698 						;a single period is not allowed and is an error
   699 40C3					_LDSTR	'.'
Macro: _LDSTR [Source: tmthpack.s]
     1 40C3 20 32 47				jsr		LoadString
     2 40C6 2E 80				dta		'.',$80
Source: tmthpack.s
   700 40C8 20 00 D8				jsr		afp
   701 40CB					_ASERR	'afp(".")'
Macro: _ASERR [Source: tmthpack.s]
     1 40CB 20 D0 48				jsr		AssertERR
     2 40CE 61 66 70 28 22 2E + 		dta		'afp(".")',0
Source: tmthpack.s
   702
   703 						;a single period is not allowed and is an error
   704 40D7					_LDSTR	'.E+01'
Macro: _LDSTR [Source: tmthpack.s]
     1 40D7 20 32 47				jsr		LoadString
     2 40DA 2E 45 2B 30 31 80			dta		'.E+01',$80
Source: tmthpack.s
   705 40E0 20 00 D8				jsr		afp
   706 40E3					_ASERR	'afp(".E+01")'
Macro: _ASERR [Source: tmthpack.s]
     1 40E3 20 D0 48				jsr		AssertERR
     2 40E6 61 66 70 28 22 2E + 		dta		'afp(".E+01")',0
Source: tmthpack.s
   707
   708 						;a single sign is not allowed and is an error
   709 40F3					_LDSTR	'-'
Macro: _LDSTR [Source: tmthpack.s]
     1 40F3 20 32 47				jsr		LoadString
     2 40F6 2D 80				dta		'-',$80
Source: tmthpack.s
   710 40F8 20 00 D8				jsr		afp
   711 40FB					_ASERR	'afp("-")'
Macro: _ASERR [Source: tmthpack.s]
     1 40FB 20 D0 48				jsr		AssertERR
     2 40FE 61 66 70 28 22 2D + 		dta		'afp("-")',0
Source: tmthpack.s
   712
   713 4107					_LDSTR	'+'
Macro: _LDSTR [Source: tmthpack.s]
     1 4107 20 32 47				jsr		LoadString
     2 410A 2B 80				dta		'+',$80
Source: tmthpack.s
   714 410C 20 00 D8				jsr		afp
   715 410F					_ASERR	'afp("+")'
Macro: _ASERR [Source: tmthpack.s]
     1 410F 20 D0 48				jsr		AssertERR
     2 4112 61 66 70 28 22 2B + 		dta		'afp("+")',0
Source: tmthpack.s
   716 						
   717 						;repeated signs are not allowed
   718 411B					_LDSTR	'--'
Macro: _LDSTR [Source: tmthpack.s]
     1 411B 20 32 47				jsr		LoadString
     2 411E 2D 2D 80				dta		'--',$80
Source: tmthpack.s
   719 4121 20 00 D8				jsr		afp
   720 4124					_ASERR	'afp("--")'
Macro: _ASERR [Source: tmthpack.s]
     1 4124 20 D0 48				jsr		AssertERR
     2 4127 61 66 70 28 22 2D + 		dta		'afp("--")',0
Source: tmthpack.s
   721
   722 4131					_LDSTR	'++'
Macro: _LDSTR [Source: tmthpack.s]
     1 4131 20 32 47				jsr		LoadString
     2 4134 2B 2B 80				dta		'++',$80
Source: tmthpack.s
   723 4137 20 00 D8				jsr		afp
   724 413A					_ASERR	'afp("++")'
Macro: _ASERR [Source: tmthpack.s]
     1 413A 20 D0 48				jsr		AssertERR
     2 413D 61 66 70 28 22 2B + 		dta		'afp("++")',0
Source: tmthpack.s
   725 						
   726 						;spaces are not allowed after a sign
   727 4147					_LDSTR	'+ 1'
Macro: _LDSTR [Source: tmthpack.s]
     1 4147 20 32 47				jsr		LoadString
     2 414A 2B 20 31 80				dta		'+ 1',$80
Source: tmthpack.s
   728 414E 20 00 D8				jsr		afp
   729 4151					_ASERR	'afp("+ 1")'
Macro: _ASERR [Source: tmthpack.s]
     1 4151 20 D0 48				jsr		AssertERR
     2 4154 61 66 70 28 22 2B + 		dta		'afp("+ 1")',0
Source: tmthpack.s
   730
   731 415F					_LDSTR	'0E+02'
Macro: _LDSTR [Source: tmthpack.s]
     1 415F 20 32 47				jsr		LoadString
     2 4162 30 45 2B 30 32 80			dta		'0E+02',$80
Source: tmthpack.s
   732 4168 20 00 D8				jsr		afp
   733 416B					_ASFR0	0, 'afp("0E+02")'
Macro: _ASFR0 [Source: tmthpack.s]
     1 416B 20 44 48				jsr		AssertFR0
     3 4174 61 66 70 28 22 30 + 		dta		'afp("0E+02")',0
Source: tmthpack.s
   734 4181 A5 F2				lda		cix
   735 4183					_ASA	6, 'afp("0E+02")-CIX'
Macro: _ASA [Source: tmthpack.s]
     1 4183 A2 06				ldx		#6
     2 4185 20 2C 49				jsr		AssertA
     3 4188 61 66 70 28 22 30 + 		dta		'afp("0E+02")-CIX',0
Source: tmthpack.s
   736 						
   737 						;100.45E+02 should convert as 1.2345E+04
   738 4199					_LDSTR	'123.45E+02'
Macro: _LDSTR [Source: tmthpack.s]
     1 4199 20 32 47				jsr		LoadString
     2 419C 31 32 33 2E 34 35 + 		dta		'123.45E+02',$80
Source: tmthpack.s
   739 41A7 20 00 D8				jsr		afp
   740 41AA					_ASFR0	1.2345E+04, 'afp("123.45E+02")'
Macro: _ASFR0 [Source: tmthpack.s]
     1 41AA 20 44 48				jsr		AssertFR0
     3 41B3 61 66 70 28 22 31 + 		dta		'afp("123.45E+02")',0
Source: tmthpack.s
   741 						
   742 						;10^97 is not an overflow
   743 41C5 A9 B9 85 F3 A9 46 + 		mwa		#afp_test6 inbuff
   744 41CD A9 00 85 F2				mva		#0 cix
   745 41D1 20 00 D8				jsr		afp
   746 41D4					_ASFR0	1E+97, 'afp("1E+97")'
Macro: _ASFR0 [Source: tmthpack.s]
     1 41D4 20 44 48				jsr		AssertFR0
     3 41DD 61 66 70 28 22 31 + 		dta		'afp("1E+97")',0
Source: tmthpack.s
   747 						
   748 						;10^98 or higher is an overflow
   749 41EA A9 BF 85 F3 A9 46 + 		mwa		#afp_test6a inbuff
   750 41F2 A9 00 85 F2				mva		#0 cix
   751 41F6 20 00 D8				jsr		afp
   752 41F9					_ASERR	'afp("1E+98")'
Macro: _ASERR [Source: tmthpack.s]
     1 41F9 20 D0 48				jsr		AssertERR
     2 41FC 61 66 70 28 22 31 + 		dta		'afp("1E+98")',0
Source: tmthpack.s
   753 						
   754 						;9.9999E+97 is not an overflow
   755 4209					_LDSTR	'9.999E97'
Macro: _LDSTR [Source: tmthpack.s]
     1 4209 20 32 47				jsr		LoadString
     2 420C 39 2E 39 39 39 45 + 		dta		'9.999E97',$80
Source: tmthpack.s
   756 4215 20 00 D8				jsr		afp
   757 4218					_ASFR0	9.999E+97, 'afp("9.999E97")'
Macro: _ASFR0 [Source: tmthpack.s]
     1 4218 20 44 48				jsr		AssertFR0
     3 4221 61 66 70 28 22 39 + 		dta		'afp("9.999E97")',0
Source: tmthpack.s
   758 						
   759 						;99.99E+97 is an overflow, however, because it renormalizes to >=10^98
   760 4231					_LDSTR	'99.99E97'
Macro: _LDSTR [Source: tmthpack.s]
     1 4231 20 32 47				jsr		LoadString
     2 4234 39 39 2E 39 39 45 + 		dta		'99.99E97',$80
Source: tmthpack.s
   761 423D 20 00 D8				jsr		afp
   762 4240					_ASERR	'afp("99.99E97")'
Macro: _ASERR [Source: tmthpack.s]
     1 4240 20 D0 48				jsr		AssertERR
     2 4243 61 66 70 28 22 39 + 		dta		'afp("99.99E97")',0
Source: tmthpack.s
   763 						
   764 						;100E+96 is also an overflow
   765 4253					_LDSTR	'100E96'
Macro: _LDSTR [Source: tmthpack.s]
     1 4253 20 32 47				jsr		LoadString
     2 4256 31 30 30 45 39 36 + 		dta		'100E96',$80
Source: tmthpack.s
   766 425D 20 00 D8				jsr		afp
   767 4260					_ASERR	'afp("100E96")'
Macro: _ASERR [Source: tmthpack.s]
     1 4260 20 D0 48				jsr		AssertERR
     2 4263 61 66 70 28 22 31 + 		dta		'afp("100E96")',0
Source: tmthpack.s
   768 						
   769 						;check if AFP can renormalize up
   770 4271					_LDSTR	'0.0123456E+06'
Macro: _LDSTR [Source: tmthpack.s]
     1 4271 20 32 47				jsr		LoadString
     2 4274 30 2E 30 31 32 33 + 		dta		'0.0123456E+06',$80
Source: tmthpack.s
   771 4282 20 00 D8				jsr		afp
   772 4285					_ASFR0	1.23456E+04, 'afp("0.0123456E+06")'
Macro: _ASFR0 [Source: tmthpack.s]
     1 4285 20 44 48				jsr		AssertFR0
     3 428E 61 66 70 28 22 30 + 		dta		'afp("0.0123456E+06")',0
Source: tmthpack.s
   773 						
   774 						;check for silly levels of normalization (need to use RAW for this because of
   775 						;.FL encoding bugs in MADS 1.9.8b5):
   776 42A3					_LDSTR	'0.000000001234567890'
Macro: _LDSTR [Source: tmthpack.s]
     1 42A3 20 32 47				jsr		LoadString
     2 42A6 30 2E 30 30 30 30 + 		dta		'0.000000001234567890',$80
Source: tmthpack.s
   777 42BB 20 00 D8				jsr		afp
   778 						;_ASFR0	1.23456789E-09, 'afp("0.000000001234567890")'
   779 42BE					_ASFR0_RAW	$3B,$12,$34,$56,$78,$90, 'afp("0.000000001234567890")'
Macro: _ASFR0_RAW [Source: tmthpack.s]
     1 42BE 20 44 48				jsr		AssertFR0
     2 42C1 3B 12 34 56 78 90			dta		$3B,$12,$34,$56,$78,$90
     3 42C7 61 66 70 28 22 30 + 		dta		'afp("0.000000001234567890")',0
Source: tmthpack.s
   780 						
   781 42E3					_LDSTR	'0.0000000001234567890'
Macro: _LDSTR [Source: tmthpack.s]
     1 42E3 20 32 47				jsr		LoadString
     2 42E6 30 2E 30 30 30 30 + 		dta		'0.0000000001234567890',$80
Source: tmthpack.s
   782 42FC 20 00 D8				jsr		afp
   783 						;_ASFR0	1.23456789E-10, 'afp("0.0000000001234567890")'
   784 42FF					_ASFR0_RAW	$3B,$01,$23,$45,$67,$89, 'afp("0.0000000001234567890")'
Macro: _ASFR0_RAW [Source: tmthpack.s]
     1 42FF 20 44 48				jsr		AssertFR0
     2 4302 3B 01 23 45 67 89			dta		$3B,$01,$23,$45,$67,$89
     3 4308 61 66 70 28 22 30 + 		dta		'afp("0.0000000001234567890")',0
Source: tmthpack.s
   785 						
   786 4325					_LDSTR	'0.0000000012345678E-06'
Macro: _LDSTR [Source: tmthpack.s]
     1 4325 20 32 47				jsr		LoadString
     2 4328 30 2E 30 30 30 30 + 		dta		'0.0000000012345678E-06',$80
Source: tmthpack.s
   787 433F 20 00 D8				jsr		afp
   788 4342					_ASFR0	1.2345678E-15, 'afp("0.0000000012345678E-06")'
Macro: _ASFR0 [Source: tmthpack.s]
     1 4342 20 44 48				jsr		AssertFR0
     3 434B 61 66 70 28 22 30 + 		dta		'afp("0.0000000012345678E-06")',0
Source: tmthpack.s
   789 						
   790 4369					_LDSTR	'000012345678900000000000E-19'
Macro: _LDSTR [Source: tmthpack.s]
     1 4369 20 32 47				jsr		LoadString
     2 436C 30 30 30 30 31 32 + 		dta		'000012345678900000000000E-19',$80
Source: tmthpack.s
   791 4389 20 00 D8				jsr		afp
   792 438C					_ASFR0	1.234567890, 'afp("000012345678900000000000E-19")'
Macro: _ASFR0 [Source: tmthpack.s]
     1 438C 20 44 48				jsr		AssertFR0
     3 4395 61 66 70 28 22 30 + 		dta		'afp("000012345678900000000000E-19")',0
Source: tmthpack.s
   793
   794 						;test precision -- note that only nine digits are converted even though in some
   795 						;cases we could accommodate 10; we avoid testing the tenth digit because we don't
   796 						;want to penalize a math pack that can preserve it
   797 43B9					_LDSTR	'1234567890'
Macro: _LDSTR [Source: tmthpack.s]
     1 43B9 20 32 47				jsr		LoadString
     2 43BC 31 32 33 34 35 36 + 		dta		'1234567890',$80
Source: tmthpack.s
   798 43C7 20 00 D8				jsr		afp
   799 43CA					_ASFR0	1234567890, 'afp("1234567890")'
Macro: _ASFR0 [Source: tmthpack.s]
     1 43CA 20 44 48				jsr		AssertFR0
     3 43D3 61 66 70 28 22 31 + 		dta		'afp("1234567890")',0
Source: tmthpack.s
   800 						
   801 43E5					_LDSTR	'1234567.890'
Macro: _LDSTR [Source: tmthpack.s]
     1 43E5 20 32 47				jsr		LoadString
     2 43E8 31 32 33 34 35 36 + 		dta		'1234567.890',$80
Source: tmthpack.s
   802 43F4 20 00 D8				jsr		afp
   803 43F7					_ASFR0	1234567.89, 'afp("1234567.891")'
Macro: _ASFR0 [Source: tmthpack.s]
     1 43F7 20 44 48				jsr		AssertFR0
     3 4400 61 66 70 28 22 31 + 		dta		'afp("1234567.891")',0
Source: tmthpack.s
   804 						
   805 						;two periods are not allowed, but are not an error
   806 4413					_LDSTR	'1.234.567'
Macro: _LDSTR [Source: tmthpack.s]
     1 4413 20 32 47				jsr		LoadString
     2 4416 31 2E 32 33 34 2E + 		dta		'1.234.567',$80
Source: tmthpack.s
   807 4420 20 00 D8				jsr		afp
   808 4423					_ASFR0	1.234, 'afp("1.234.567")'
Macro: _ASFR0 [Source: tmthpack.s]
     1 4423 20 44 48				jsr		AssertFR0
     3 442C 61 66 70 28 22 31 + 		dta		'afp("1.234.567")',0
Source: tmthpack.s
   809 443D A5 F2				lda		cix
   810 443F					_ASA	6, 'afp("1.234.567")-CIX'
Macro: _ASA [Source: tmthpack.s]
     1 443F A2 06				ldx		#6
     2 4441 20 2C 49				jsr		AssertA
     3 4444 61 66 70 28 22 31 + 		dta		'afp("1.234.567")-CIX',0
Source: tmthpack.s
   811 						
   812 						;AFP does *not* take a lowercase e!
   813 4459 A9 C5 85 F3 A9 46 + 		mwa		#afp_test7 inbuff
   814 4461 A9 00 85 F2				mva		#0 cix
   815 4465 20 00 D8				jsr		afp
   816 4468					_ASFR0	1, 'afp("1e+97")'
Macro: _ASFR0 [Source: tmthpack.s]
     1 4468 20 44 48				jsr		AssertFR0
     3 4471 61 66 70 28 22 31 + 		dta		'afp("1e+97")',0
Source: tmthpack.s
   817 						
   818 						;'+' is optional
   819 447E A9 CB 85 F3 A9 46 + 		mwa		#afp_test8 inbuff
   820 4486 A9 00 85 F2				mva		#0 cix
   821 448A 20 00 D8				jsr		afp
   822 448D					_ASFR0	1E+97, 'afp("1E97")'
Macro: _ASFR0 [Source: tmthpack.s]
     1 448D 20 44 48				jsr		AssertFR0
     3 4496 61 66 70 28 22 31 + 		dta		'afp("1E97")',0
Source: tmthpack.s
   823 						
   824 						;digit or sign is required after E -- if missing, conversion stops at the E
   825 44A2					_LDSTR	'1E',$80
Macro: _LDSTR [Source: tmthpack.s]
     1 44A2 20 32 47				jsr		LoadString
     2 44A5 31 45 80				dta		'1E',$80
Source: tmthpack.s
   826 44A8 20 00 D8				jsr		afp
   827 44AB					_ASFR0	1,'afp("1E")'
Macro: _ASFR0 [Source: tmthpack.s]
     1 44AB 20 44 48				jsr		AssertFR0
     3 44B4 61 66 70 28 22 31 + 		dta		'afp("1E")',0
Source: tmthpack.s
   828 44BE A5 F2				lda		cix
   829 44C0					_ASA	2,'afp("1E")-CIX'
Macro: _ASA [Source: tmthpack.s]
     1 44C0 A2 02				ldx		#2
     2 44C2 20 2C 49				jsr		AssertA
     3 44C5 61 66 70 28 22 31 + 		dta		'afp("1E")-CIX',0
Source: tmthpack.s
   830 						
   831 						;AFP can even back up two chars if there is a sign, too
   832 44D3					_LDSTR	'5E-',$80
Macro: _LDSTR [Source: tmthpack.s]
     1 44D3 20 32 47				jsr		LoadString
     2 44D6 35 45 2D 80				dta		'5E-',$80
Source: tmthpack.s
   833 44DA 20 00 D8				jsr		afp
   834 44DD					_ASFR0	5,'afp("5E-")'
Macro: _ASFR0 [Source: tmthpack.s]
     1 44DD 20 44 48				jsr		AssertFR0
     3 44E6 61 66 70 28 22 35 + 		dta		'afp("5E-")',0
Source: tmthpack.s
   835 44F1 A5 F2				lda		cix
   836 44F3					_ASA	2,'afp("5E-")-CIX'
Macro: _ASA [Source: tmthpack.s]
     1 44F3 A2 02				ldx		#2
     2 44F5 20 2C 49				jsr		AssertA
     3 44F8 61 66 70 28 22 35 + 		dta		'afp("5E-")-CIX',0
Source: tmthpack.s
   837 						
   838 						;there needs to be at least one digit before exponent
   839 4507					_LDSTR	'E+08',$80
Macro: _LDSTR [Source: tmthpack.s]
     1 4507 20 32 47				jsr		LoadString
     2 450A 45 2B 30 38 80			dta		'E+08',$80
Source: tmthpack.s
   840 450F 20 00 D8				jsr		afp
   841 4512					_ASERR	'afp("E+08")'
Macro: _ASERR [Source: tmthpack.s]
     1 4512 20 D0 48				jsr		AssertERR
     2 4515 61 66 70 28 22 45 + 		dta		'afp("E+08")',0
Source: tmthpack.s
   842 						
   843 4521					_LDSTR	'-E+08',$80
Macro: _LDSTR [Source: tmthpack.s]
     1 4521 20 32 47				jsr		LoadString
     2 4524 2D 45 2B 30 38 80			dta		'-E+08',$80
Source: tmthpack.s
   844 452A 20 00 D8				jsr		afp
   845 452D					_ASERR	'afp("-E+08")'
Macro: _ASERR [Source: tmthpack.s]
     1 452D 20 D0 48				jsr		AssertERR
     2 4530 61 66 70 28 22 2D + 		dta		'afp("-E+08")',0
Source: tmthpack.s
   846 						
   847 						;check underflow cases
   848 453D A9 D0 85 F3 A9 46 + 		mwa		#afp_test9 inbuff
   849 4545 A9 00 85 F2				mva		#0 cix
   850 4549 20 00 D8				jsr		afp
   851 454C					_ASFR0	0, 'afp("1E-99")'
Macro: _ASFR0 [Source: tmthpack.s]
     1 454C 20 44 48				jsr		AssertFR0
     3 4555 61 66 70 28 22 31 + 		dta		'afp("1E-99")',0
Source: tmthpack.s
   852 					
   853 4562					_LDSTR	'0.000001E-99'
Macro: _LDSTR [Source: tmthpack.s]
     1 4562 20 32 47				jsr		LoadString
     2 4565 30 2E 30 30 30 30 + 		dta		'0.000001E-99',$80
Source: tmthpack.s
   854 4572 20 00 D8				jsr		afp
   855 4575					_ASFR0	0, 'afp("0.000001E-99")'
Macro: _ASFR0 [Source: tmthpack.s]
     1 4575 20 44 48				jsr		AssertFR0
     3 457E 61 66 70 28 22 30 + 		dta		'afp("0.000001E-99")',0
Source: tmthpack.s
   856 						
   857 						;stock OS fails this test :P
   858 						;_LDSTR	'0.0000000000000000000000000000001E-99'
   859 						;jsr		afp
   860 						;_ASFR0	0, 'afp("0.0000000000000000000000000000001E-99")'
   861
   862 						;AFP only takes two exponent digits max, which causes it to
   863 						;miss underflow/overflow cases
   864 4592 A9 D6 85 F3 A9 46 + 		mwa		#afp_test10 inbuff
   865 459A A9 00 85 F2				mva		#0 cix
   866 459E 20 00 D8				jsr		afp
   867 45A1					_ASFR0	1E-20, 'afp("1E-205")'
Macro: _ASFR0 [Source: tmthpack.s]
     1 45A1 20 44 48				jsr		AssertFR0
     3 45AA 61 66 70 28 22 31 + 		dta		'afp("1E-205")',0
Source: tmthpack.s
   868 45B8 A5 F2				lda		cix
   869 45BA					_ASA	5, 'afp("1E-205")-CIX'
Macro: _ASA [Source: tmthpack.s]
     1 45BA A2 05				ldx		#5
     2 45BC 20 2C 49				jsr		AssertA
     3 45BF 61 66 70 28 22 31 + 		dta		'afp("1E-205")-CIX',0
Source: tmthpack.s
   870
   871 45D1 A9 DD 85 F3 A9 46 + 		mwa		#afp_test11 inbuff
   872 45D9 A9 00 85 F2				mva		#0 cix
   873 45DD 20 00 D8				jsr		afp
   874 45E0					_ASFR0	1E+20, 'afp("1E+205")'
Macro: _ASFR0 [Source: tmthpack.s]
     1 45E0 20 44 48				jsr		AssertFR0
     3 45E9 61 66 70 28 22 31 + 		dta		'afp("1E+205")',0
Source: tmthpack.s
   875 						
   876 						;leading zeroes don't count
   877 45F7					_LDSTR	'1E+011'
Macro: _LDSTR [Source: tmthpack.s]
     1 45F7 20 32 47				jsr		LoadString
     2 45FA 31 45 2B 30 31 31 + 		dta		'1E+011',$80
Source: tmthpack.s
   878 4601 20 00 D8				jsr		afp
   879 4604					_ASFR0	10, 'afp("1E+011")'
Macro: _ASFR0 [Source: tmthpack.s]
     1 4604 20 44 48				jsr		AssertFR0
     3 460D 61 66 70 28 22 31 + 		dta		'afp("1E+011")',0
Source: tmthpack.s
   880 461B A5 F2				lda		cix
   881 461D					_ASA	6, 'afp("1E+011")-CIX'
Macro: _ASA [Source: tmthpack.s]
     1 461D A2 06				ldx		#6
     2 461F 20 2C 49				jsr		AssertA
     3 4622 61 66 70 28 22 31 + 		dta		'afp("1E+011")-CIX',0
Source: tmthpack.s
   882 						
   883 						;zero is not a valid exponent
   884 4634					_LDSTR	'1E+001'
Macro: _LDSTR [Source: tmthpack.s]
     1 4634 20 32 47				jsr		LoadString
     2 4637 31 45 2B 30 30 31 + 		dta		'1E+001',$80
Source: tmthpack.s
   885 463E 20 00 D8				jsr		afp
   886 4641					_ASFR0	1, 'afp("1E+001")'
Macro: _ASFR0 [Source: tmthpack.s]
     1 4641 20 44 48				jsr		AssertFR0
     3 464A 61 66 70 28 22 31 + 		dta		'afp("1E+001")',0
Source: tmthpack.s
   887 4658 A5 F2				lda		cix
   888 465A					_ASA	2, 'afp("1E+001")-CIX'
Macro: _ASA [Source: tmthpack.s]
     1 465A A2 02				ldx		#2
     2 465C 20 2C 49				jsr		AssertA
     3 465F 61 66 70 28 22 31 + 		dta		'afp("1E+001")-CIX',0
Source: tmthpack.s
   889
   890 4671					_LDSTR	'1E+0x'
Macro: _LDSTR [Source: tmthpack.s]
     1 4671 20 32 47				jsr		LoadString
     2 4674 31 45 2B 30 78 80			dta		'1E+0x',$80
Source: tmthpack.s
   891 467A 20 00 D8				jsr		afp
   892 467D					_ASFR0	1, 'afp("1E+0x")'
Macro: _ASFR0 [Source: tmthpack.s]
     1 467D 20 44 48				jsr		AssertFR0
     3 4686 61 66 70 28 22 31 + 		dta		'afp("1E+0x")',0
Source: tmthpack.s
   893 4693 A5 F2				lda		cix
   894 4695					_ASA	2, 'afp("1E+0x")-CIX'
Macro: _ASA [Source: tmthpack.s]
     1 4695 A2 02				ldx		#2
     2 4697 20 2C 49				jsr		AssertA
     3 469A 61 66 70 28 22 31 + 		dta		'afp("1E+0x")-CIX',0
Source: tmthpack.s
   895 						
   896 						;all done!
   897 46AB 60					rts
   898 						
   899 46AC			afp_test4:
   900 46AC 2D 32 30				dta		'-20'
   901 46AF			afp_test3:
   902 46AF 20					dta		' '
   903 46B0			afp_test2:
   904 46B0 31 30 30				dta		'100'
   905 46B3			afp_test1:
   906 46B3 80					dta		$80
   907 						
   908 46B4			afp_test5:
   909 46B4 30 31 30 30 80			dta		'0100',$80
   910 						
   911 46B9			afp_test6:
   912 46B9 31 45 2B 39 37 80			dta		'1E+97',$80
   913
   914 46BF			afp_test6a:
   915 46BF 31 45 2B 39 38 80			dta		'1E+98',$80
   916 						
   917 46C5			afp_test7:
   918 46C5 31 65 2B 39 37 80			dta		'1e+97',$80
   919
   920 46CB			afp_test8:
   921 46CB 31 45 39 37 80			dta		'1E97',$80
   922
   923 46D0			afp_test9:
   924 46D0 31 45 2D 39 39 80			dta		'1E-99',$80
   925
   926 46D6			afp_test10:
   927 46D6 31 45 2D 32 30 35 + 		dta		'1E-205',$80
   928
   929 46DD			afp_test11:
   930 46DD 31 45 2B 32 30 35 + 		dta		'1E+205',$80
   931 				.endp
   932
   933 				;==========================================================================
   934 46E4			.proc LoadLR
   935 46E4 BA					tsx
   936 46E5 BD 03 01				lda		$0103,x
   937 46E8 18					clc
   938 46E9 69 01				adc		#1
   939 46EB 85 FC				sta		flptr
   940 46ED BD 04 01				lda		$0104,x
   941 46F0 69 00				adc		#0
   942 46F2 85 FD				sta		flptr+1
   943 46F4 60					rts
   944 				.endp
   945
   946 				;==========================================================================
   947 46F5			.proc AddLR_6
   948 46F5 A5 FC				lda		flptr
   949 46F7 18					clc
   950 46F8 69 06				adc		#6
   951 46FA 85 FC				sta		flptr
   952 46FC 90 02 E6 FD				scc:inc	flptr+1
   953 4700 60					rts
   954 				.endp
   955
   956 				;==========================================================================
   957 4701			.proc LoadFR0
   958 4701 20 E4 46				jsr		LoadLR
   959 4704 20 8D DD				jsr		fld0p
   960 						
   961 						;workaround for MADS zero bug
   962 4707 A5 D5				lda		fr0+1
   963 4709 D0 03 20 44 DA			sne:jsr	zfr0
   964 						
   965 470E 20 F5 46				jsr		AddLR_6
   966 4711 68					pla
   967 4712 68					pla
   968 4713 6C FC 00				jmp		(flptr)
   969 				.endp
   970
   971 				;==========================================================================
   972 4716			.proc LoadFR1
   973 4716 20 E4 46				jsr		LoadLR
   974 4719 20 9C DD				jsr		fld1p
   975
   976 						;workaround for MADS zero bug
   977 471C A5 E1				lda		fr1+1
   978 471E D0 05				bne		not_zero
   979 4720 A2 E0				ldx		#fr1
   980 4722 20 46 DA				jsr		zf1
   981 4725			not_zero:
   982
   983 4725 20 F5 46				jsr		AddLR_6
   984 4728 68					pla
   985 4729 68					pla
   986 472A 6C FC 00				jmp		(flptr)
   987 				.endp
   988
   989 				;==========================================================================
   990 472D			.proc ZeroFR1
   991 472D A2 E0				ldx		#fr1
   992 472F 4C 46 DA				jmp		zf1
   993 				.endp
   994
   995 				;==========================================================================
   996 4732			.proc LoadString
   997 4732 68					pla
   998 4733 85 F3				sta		inbuff
   999 4735 68					pla
  1000 4736 85 F4				sta		inbuff+1
  1001 4738 A9 01 85 F2				mva		#1 cix
  1002 						
  1003 473C A0 00				ldy		#0
  1004 473E			skip_loop:
  1005 473E C8					iny
  1006 473F B1 F3				lda		(inbuff),y
  1007 4741 10 FB				bpl		skip_loop
  1008 						
  1009 4743 98					tya
  1010 4744 18					clc
  1011 4745 65 F3				adc		inbuff
  1012 4747 A8					tay
  1013 4748 A5 F4				lda		inbuff+1
  1014 474A 69 00				adc		#0
  1015 474C 48					pha
  1016 474D 98					tya
  1017 474E 48					pha
  1018 474F 60					rts
  1019 				.endp
  1020
  1021 				;==========================================================================
  1022 4750			.proc fcomp
  1023 						;fr0=fr1=0 is the only one we really need to worry about; otherwise
  1024 						;exponents will mismatch or mantissas are safe to compare.
  1025 4750 A5 D4				lda		fr0
  1026 4752 05 E0				ora		fr1
  1027 4754 D0 01				bne		nonzero
  1028 4756 60					rts
  1029 4757			nonzero:
  1030
  1031 						;compare exponents
  1032 4757 A5 E0				lda		fr1
  1033 4759 C5 D4				cmp		fr0
  1034 475B F0 13				beq		exp_equal
  1035 						
  1036 						;check for sign difference
  1037 475D 08					php
  1038 475E A5 D4				lda		fr0
  1039 4760 45 E0				eor		fr1
  1040 4762 30 0A				bmi		exp_xit
  1041 						
  1042 						;check for negative sign
  1043 4764 A5 D4				lda		fr0
  1044 4766 30 06				bmi		exp_xit
  1045 						
  1046 						;invert comparison
  1047 4768 28					plp
  1048 4769 A5 D4				lda		fr0
  1049 476B C5 E0				cmp		fr1
  1050 476D 60					rts
  1051 						
  1052 476E			exp_xit:
  1053 476E 28					plp
  1054 476F 60					rts
  1055
  1056 4770			exp_equal:
  1057 						;compare mantissas
  1058 4770 A2 FB				ldx		#<-5
  1059 4772			mant_loop:
  1060 4772 B5 DA				lda		fr0+6,x
  1061 4774 D5 E6				cmp		fr1+6,x
  1062 4776 D0 03				bne		xit
  1063 4778 E8					inx
  1064 4779 D0 F7				bne		mant_loop
  1065 477B			xit:
  1066 477B 60					rts
  1067 				.endp
  1068
  1069 				;==========================================================================
  1070 477C			.proc fadd_chk
  1071 477C 20 94 47				jsr		ScrambleFREFR2
  1072 477F 4C 66 DA				jmp		fadd
  1073 				.endp
  1074
  1075 				;==========================================================================
  1076 4782			.proc fsub_chk
  1077 4782 20 94 47				jsr		ScrambleFREFR2
  1078 4785 4C 60 DA				jmp		fsub
  1079 				.endp
  1080
  1081 				;==========================================================================
  1082 4788			.proc fmul_chk
  1083 4788 20 94 47				jsr		ScrambleFREFR2
  1084 478B 4C DB DA				jmp		fmul
  1085 				.endp
  1086
  1087 				;==========================================================================
  1088 478E			.proc fdiv_chk
  1089 478E 20 94 47				jsr		ScrambleFREFR2
  1090 4791 4C 28 DB				jmp		fdiv
  1091 				.endp
  1092
  1093 				;==========================================================================
  1094 4794			.proc ScrambleFREFR2
  1095 4794 A2 05				ldx		#5
  1096 4796 A9 AA				lda		#$aa
  1097 4798			sloop:
  1098 4798 95 DA				sta		fr0+6,x
  1099 479A 95 E6				sta		fr1+6,x
  1100 479C CA					dex
  1101 479D 10 F9				bpl		sloop
  1102 479F 60					rts
  1103 				.endp
  1104
  1105 				;==========================================================================
  1106 47A0			.proc AssertFR0Range
  1107 47A0 08					php
  1108 47A1 68					pla
  1109 47A2 85 B5				sta		d5
  1110 47A4 D8					cld
  1111 47A5 20 E4 46				jsr		LoadLR
  1112 47A8 20 9C DD				jsr		fld1p
  1113 47AB 20 F5 46				jsr		AddLR_6
  1114
  1115 47AE 18					clc
  1116 47AF A9 06				lda		#6
  1117 47B1 65 FC				adc		flptr
  1118 47B3 85 B1				sta		d1
  1119 47B5 A9 00				lda		#0
  1120 47B7 65 FD				adc		flptr+1
  1121 47B9 85 B2				sta		d1+1
  1122 						
  1123 47BB A5 B5				lda		d5
  1124 47BD 29 08				and		#$08
  1125 47BF F0 1D				beq		dec_ok
  1126 						
  1127 47C1 20 A7 27				jsr		_log_imprintf
  1128 47C4 44 65 63 69 6D 61 + 		dta		'Decimal mode left on: %s',$9B,0
  1129 						
  1130 47DE			dec_ok:
  1131 47DE 46 B5				lsr		d5
  1132 47E0 90 19				bcc		no_err
  1133 						
  1134 47E2 20 A7 27				jsr		_log_imprintf
  1135 47E5 25 73 20 66 61 69 + 		dta		'%s failed: val=%f',$9B,0
  1136 47F8 4C 11 48				jmp		pass2
  1137 						
  1138 47FB			no_err:
  1139 						;check if >= lower bound
  1140 47FB 20 50 47				jsr		fcomp
  1141 47FE B0 06				bcs		pass1
  1142 4800			fail:
  1143 4800 20 23 48				jsr		print_fail
  1144 4803 4C 11 48				jmp		pass2
  1145 						
  1146 4806			pass1:
  1147 						;check if <= upper bound
  1148 4806 20 9C DD				jsr		fld1p
  1149 4809 20 50 47				jsr		fcomp
  1150 480C 90 03				bcc		pass2
  1151 480E 20 23 48				jsr		print_fail
  1152 4811			pass2:
  1153 						;skip past message
  1154 4811 A0 00				ldy		#0
  1155 4813			skip_loop:
  1156 4813 B1 B1				lda		(d1),y
  1157 4815 E6 B1 D0 02 E6 B2			inw		d1
  1158 481B AA					tax
  1159 481C D0 F5				bne		skip_loop
  1160 481E 68					pla
  1161 481F 68					pla
  1162 4820 6C B1 00				jmp		(d1)
  1163
  1164 4823			print_fail:
  1165 4823 A9 D4 85 B3 A9 00 + 		mwa		#fr0 d3
  1166 						
  1167 482B 20 A7 27				jsr		_log_imprintf
  1168 482E 25 73 20 6D 69 73 + 		dta		'%s mismatch: val=%f',$9B,0
  1169 4843 60					rts
  1170 				.endp
  1171
  1172 				;==========================================================================
  1173 4844			.proc AssertFR0
  1174 4844 08					php
  1175 4845 68					pla
  1176 4846 85 B5				sta		d5
  1177 4848 D8					cld
  1178 4849 20 E4 46				jsr		LoadLR
  1179 484C 20 9C DD				jsr		fld1p
  1180 484F 20 F5 46				jsr		AddLR_6
  1181
  1182 4852 A5 FC 85 B1 A5 FD + 		mwa		flptr d1
  1183 						
  1184 485A A5 B5				lda		d5
  1185 485C 29 08				and		#$08
  1186 485E F0 1D				beq		dec_ok
  1187 						
  1188 4860 20 A7 27				jsr		_log_imprintf
  1189 4863 44 65 63 69 6D 61 + 		dta		'Decimal mode left on: %s',$9B,0
  1190 						
  1191 487D			dec_ok:
  1192 487D 46 B5				lsr		d5
  1193 487F 90 16				bcc		no_err
  1194 						
  1195 4881 20 A7 27				jsr		_log_imprintf
  1196 4884 25 73 20 66 61 69 + 		dta		'%s failed: val=%f',$9B,0
  1197 						
  1198 4897			no_err:
  1199 4897 20 50 47				jsr		fcomp
  1200 489A F0 22				beq		pass
  1201 489C			fail:
  1202 489C A9 D4 85 B3 A9 00 + 		mwa		#fr0 d3
  1203 48A4 A5 FC				lda		flptr
  1204 						
  1205 48A6 20 A7 27				jsr		_log_imprintf
  1206 48A9 25 73 20 6D 69 73 + 		dta		'%s mismatch: val=%f',$9B,0
  1207 						
  1208 48BE			pass:
  1209 						;skip past message
  1210 48BE A0 00				ldy		#0
  1211 48C0			skip_loop:
  1212 48C0 B1 B1				lda		(d1),y
  1213 48C2 E6 B1 D0 02 E6 B2			inw		d1
  1214 48C8 AA					tax
  1215 48C9 D0 F5				bne		skip_loop
  1216 48CB 68					pla
  1217 48CC 68					pla
  1218 48CD 6C B1 00				jmp		(d1)
  1219 				.endp
  1220
  1221 				;==========================================================================
  1222 48D0			.proc AssertERR
  1223 48D0 08					php
  1224 48D1 68					pla
  1225 48D2 85 B5				sta		d5
  1226 48D4 20 E4 46				jsr		LoadLR
  1227 48D7 A5 FC 85 B1 A5 FD + 		mwa		flptr d1
  1228 						
  1229 48DF A5 B5				lda		d5
  1230 48E1 29 08				and		#$08
  1231 48E3 F0 1D				beq		dec_ok
  1232 						
  1233 48E5 20 A7 27				jsr		_log_imprintf
  1234 48E8 44 65 63 69 6D 61 + 		dta		'Decimal mode left on: %s',$9B,0
  1235 						
  1236 4902			dec_ok:
  1237 4902 46 B5				lsr		d5
  1238 4904 B0 B8				bcs		AssertFR0.pass
  1239 						
  1240 4906 A9 D4 85 B3 A9 00 + 		mwa		#fr0 d3
  1241 						
  1242 490E 20 A7 27				jsr		_log_imprintf
  1243 4911 25 73 20 64 69 64 + 		dta		'%s didn''t fail: FR0=%f',$9B,0
  1244 						
  1245 4929 4C BE 48				jmp		AssertFR0.pass
  1246 				.endp
  1247
  1248 				;==========================================================================
  1249 492C			.proc AssertA
  1250 492C 85 B3				sta		d3
  1251 492E 86 B4				stx		d4
  1252 4930 20 E4 46				jsr		LoadLR
  1253 4933 A5 FC 85 B1 A5 FD + 		mwa		flptr d1
  1254
  1255 493B A5 B3				lda		d3
  1256 493D C5 B4				cmp		d4		
  1257 493F F0 1D				beq		pass
  1258 						
  1259 4941 20 A7 27				jsr		_log_imprintf
  1260 4944 25 73 20 6D 69 73 + 		dta		'%s mismatch: A=%d, != %d',$9B,0
  1261 						
  1262 495E			pass:
  1263 495E 4C BE 48				jmp		AssertFR0.pass
  1264 				.endp
  1265
  1266 				;==========================================================================
  1267 4961			.proc TestFASC
  1268 4961 20 E4 46				jsr		LoadLR
  1269 4964 20 8D DD				jsr		fld0p
  1270 4967 20 E6 D8				jsr		fasc
  1271 						
  1272 496A 20 E4 46				jsr		LoadLR
  1273 496D 20 F5 46				jsr		AddLR_6
  1274 						
  1275 4970 A5 F3 85 B1 A5 F4 + 		mwa		inbuff d1
  1276 4978 A5 FC 85 B3 A5 FD + 		mwa		flptr d3
  1277
  1278 						;convert hibit-terminated output to zero-terminated		
  1279 4980 A0 FF				ldy		#$ff
  1280 4982			fix_loop:
  1281 4982 C8					iny
  1282 4983 B1 F3				lda		(inbuff),y
  1283 4985 10 FB				bpl		fix_loop
  1284 4987 29 7F				and		#$7f
  1285 4989 91 F3				sta		(inbuff),y
  1286 498B C8					iny
  1287 498C A9 00				lda		#0
  1288 498E 91 F3				sta		(inbuff),y
  1289
  1290 						;compare strings
  1291 4990			strcmp_loop:
  1292 4990 B1 FC				lda		(flptr),y
  1293 4992 D1 F3				cmp		(inbuff),y
  1294 4994 D0 1B				bne		fail
  1295 4996 88					dey
  1296 4997 C0 FF				cpy		#$ff
  1297 4999 D0 F5				bne		strcmp_loop		
  1298 499B			xit:
  1299 499B A0 FF				ldy		#$ff
  1300 499D			skip_loop:
  1301 499D C8					iny
  1302 499E B1 FC				lda		(flptr),y
  1303 49A0 D0 FB				bne		skip_loop
  1304 						
  1305 49A2 98					tya
  1306 49A3 38					sec
  1307 49A4 65 FC				adc		flptr
  1308 49A6 85 FC				sta		flptr
  1309 49A8 90 02 E6 FD				scc:inc	flptr+1
  1310 49AC 68					pla
  1311 49AD 68					pla
  1312 49AE 6C FC 00				jmp		(flptr)
  1313
  1314 49B1			fail:
  1315 49B1 20 A7 27				jsr		_log_imprintf
  1316 49B4 46 41 53 43 20 6D + 		dta		'FASC mismatch: [%s] != [%s]',$9b,0
  1317 49D1 4C 9B 49				jmp		xit
  1318 				.endp
